Comment,Is_Negative
3 years since<br>Green Goblin and the gang came<br>3 Spider men teamed up<br>Dr Strange casts the spell to forget Peter Parker was Spiderman <br>Aunt May dies<br>Tobey&#39;s Spider Man gets stabbed by Green Goblin&#39;s glider,True
I managed to get a tenth of the way through this film. What a load of boring crap!,True
Remember when we still gave a shit about Marvel,True
"heriones from other universes know that peter is Spiderman, Why didn&#39;t they come back ğŸ˜¢",True
Hard to believe itâ€™s been three years since the Lizard was punched by nothing.,True
hollllyyyyy CRAP this is gonna be SO GOOD (im a frickin nerd),True
Wait. Green Goblin and dock ock from Raimi verse is here?? I wish Tobey and Andrew will follow :(,True
bro marvel managed to hide the other spiderman,True
I kinda wish Andrew Garfield refused this movie just to get back at them for doing him dirty with the Spider-Man franchise. They mustâ€™ve offered him a lot of money,True
"Just saw the TASM 2 Trailer Casually and realised NWH trailer and TASM 2 Trailer is so Similar, the theme the Bgm it&#39;s almost the same ğŸ«¡",True
"Doctor Strange: We started getting some visitors... from every universe.ğŸ¦¸ğŸ»â€â™‚ï¸ğŸ¦¹ğŸ»â€â™‚ï¸<a href=""https://www.youtube.com/watch?v=JfVOs4VSpmA&amp;t=35"">0:35</a>",True
I believe Peter Parker brought Tony Stark as Evil Doom in the spark dimension in No way home and in the Next coming New Movie of spiderman will gives us spoiler for THE DOOM the movie.,True
"Peter : Stephen, I need your help.<br>Dr. : you want me to cast a spell, so that everyone forget you are spidey .<br>Peter : Nope ,  cast a spell so that everyone forget what mysterio said.<br>Dr : Shit ....,   This boy is a genius.",True
"<a href=""https://www.youtube.com/watch?v=JfVOs4VSpmA&amp;t=152"">2:32</a> history will remake ğŸ’” please not this time we canâ€™t loose her ğŸ˜­",True
Tom Holland spiderman was the most stupid and brainless spiderman,True
shout out to the Lizard for being a giveaway that the other Spider-Men were gonna be in the movie,True
"<a href=""https://www.youtube.com/watch?v=JfVOs4VSpmA&amp;t=61"">1:01</a> How are we supposed to take your villain seriously if your <i>own film</i> doesn&#39;t?",True
"<a href=""https://www.youtube.com/watch?v=JfVOs4VSpmA&amp;t=139"">2:19</a> the other two Peter Parker&#39;s are edited out like the theory about sonic movie 3 trailer that there is Amy edited out of it.",True
"<a href=""https://www.youtube.com/watch?v=JfVOs4VSpmA&amp;t=123"">2:03</a> Green Goblin",True
Who&#39;s here because they just wanted to watch this trailer without being annoyed by comments like this?,True
&#39;Strong enough to have it all.. to weak to take!&quot;,True
You had to be thereâ€¦the hype with the three spider-manâ€™s possibility was crazy. I miss those days.,True
Hype of this film was insane,True
This is the crazy movie of marvelâ¤,True
"BRO I WAS SCROLLING DOWN AND THIS HAPPENED TO GET RECOMMENDED,  MAKING ME THINK THAT IT WAS A NEW SPIDERMAN",True
The casting director confused Flash Thompson as Gru. Hence the choice of actor.,True
Wish this would come to Disney + like the other Spider-Man&#39;s. I wanna see this movie.,True
Hey guys wait wait I just realise in trollhunters the rise of Titans Toby dies and Jim reverse the time the same happens in Spider-Man no way home Doctor Strange reverse the timeğŸ˜®ğŸ˜®ğŸ˜®ğŸ˜®ğŸ˜®ğŸ˜®ğŸ˜®ğŸ˜®ğŸ˜®ğŸ˜®ğŸ˜®ğŸ˜®ğŸ˜®ğŸ˜®,True
i thought his black and gold suit was the symbiote ğŸ˜­,True
"The Hype For Spider Man No Way Home Was Insane, No Movie Will Compare To This One.",True
Is it me or did when i watch the trailer you all think the black suit was the symbiote suit,True
Can somebody explain me if all the people who knew Peter Parker is spider man got alive in other multiverse and they saved those persons why Gwen didnâ€™t spawn there she also knew that peter is spider man,True
The rumours of this movie thwt Tobey and Andrew are gonna be in this weâ€™re insane <br>I wish I could go back,True
I was so afraid that i would get a spoiler. I didn&#39;t even watch this trailer. This is the first time i am watching it.,True
I was so fucking hype 2 years ago man<br>Time flies,True
I canâ€™t believe itâ€™s been 2 and a half year since this movie released feels like yesterday,True
Will Doctor Strange appear in the movie??? ğŸ˜±,True
At least give us 10 min footage each of Toby&#39;s Spiderman Universe and Andrew&#39;s Spiderman Universe as to what happened in the aftermath of No way home in their universe <br>How they are living and give Andrew his MJ,True
"Very BAD,the worst spiderman movie ever made.shame on the expense...",True
"<a href=""https://www.youtube.com/watch?v=JfVOs4VSpmA&amp;t=127"">2:07</a> Before the movie came out, I used to think Spider-Man was falling into the multiverse and Doctor Strange tried to &quot;save&quot; him.",True
Ah yes.. youth.. never satisfied,True
omg he waited so long for this one,True
Silly fool spiderman,True
The hype for this movie was genuinely so crazy,True
Crazy this trailer really spoiled almost everything,True
sony really makes the worst trailers,True
i cant want for avengers secret wars...,True
The hype of this film was insane,True
Ah man! I got some serious nostalgia while watching this trailer againğŸ‰,True
"Yaâ€™ll remember when Andrews kick against the Lizard was leaked in the Brazilian version, and everyone was going crazy over the fact that we were getting all of Spider-menğŸ¥¹ğŸ¤§",True
"Hi, I&#39;m spanish speaker. Somebody can tell me because Strange say &quot;So Scooby-doo this crap&quot;? Which is the context of the sentences? I know that Scooby-doo is a cartoon ğŸ˜…ğŸ˜…ğŸ˜…",True
"Why do I feel this spiderman is sort of annoying creature, stubborn sort of childish unmature unwise talkative? Or may be I just adore Doctor Strange too way much.",True
Insane to see what so many franchises became in 2 years...nobody is interested in MCU anymore.,True
WTF ITS BEEN 2 YEARS ALREADY WHAT I JUST REMEMBER SEEING THE MOVIE AND THING,True
Gotta admire how they made Strange say &quot;They all die fighting Spiderman.&quot; Only for it to be Sandman who says that,True
shout out to the editing guy from Sony Brazil who fucked up the CGI and shows Lizard getting kicked mid air by something invisible ğŸ˜…ğŸ˜…ğŸ˜­,True
Obsessed I grew up with all spiderman,True
The fact that this is turning 3 years old this year is honestly crazy,True
SPOILER ALERT!!!âš ï¸.<br><br><br><br>Why did they kill Aunt May in this movie. And why didn&#39;t peter call MJ to push the button on the cube before it was too late ğŸ˜¢,True
"@ <a href=""https://www.youtube.com/watch?v=JfVOs4VSpmA&amp;t=72"">1:12</a> it makes me laugh so much how bad the cuts are ğŸ˜­ğŸ˜­ğŸ˜­every time",True
This trailer came out on 11/16 back in 2021. The movie dropped in December and this was the only like legit footage we had for it. God dam the marketing for this was weird.,True
2018: Avengers infinity war <br>2019: Avengers endgame<br>2021: spider man no way home<br>These movies was time to be alive for superhero fans missing those days now ğŸ˜­ğŸ˜­ğŸ˜­ğŸ¥²ğŸ¥²,True
i recommend a crazy movie for everyone to watch,True
"Watching the trailer after watching the movie made me feel pain since doctor strange said crap instead of shit, maybe because of youtube",True
"ğŸ˜‚ Marvel Studios ? But surely No Hollywoodcamera !!! Nasty unsharp Backgrounds , ğŸ‘ğŸ¥, IS IT forcing eyesickness ??? This ain&#39;t No Quality ! I do ASK a question: the movies camerauser ,If He IS with His car ON His Gasstation , will He agree that only His half carwindow gets cleaned or will He Desire that the carwindows have to get completely cleaned because He wants to have a clear sight ? But for the moviewatshers He switsh the cameraeffect unsharp active ? Sabotage? Nasty service Bad Quality ! Movie destroyed !",True
It&#39;s weird that he says &quot;ever since I got bit by that spider&quot; which we never saw in the MCU.,True
TWO YEARS AGO IS INSANE,True
the hype for this movie was actually insane,True
"In hindsight, its CRAZY how much they spoil in this trailer...",True
Two years later and I still get fucking chills,True
Wow this was two years ago. Crazy how fast time is,True
Mary Jane is wrong  and what is that stupid Chinese or hawiian boy is ..why act and look so stupid ...and not spiderman more like spiderboy,True
Lool black MJ is disgusting,True
This movie is something else! Insane.,True
people really watch this shit? this looks terrible,True
Man the no way home era was an elite time seriously never before have I ever seen so much hype for a movie. Also living in the UK we never cheer in our cinemas not even for endgame but for this we all went crazy,True
God i hated and loved this movie ğŸ˜­,True
I just watched this movie and was completely unprepared of three spidermans and bad guys from the past. Didn&#39;t watched a trailer and nobody told me about. ğŸ˜…just blew my mind. I couldn&#39;t believe it.. All three in one movie ğŸ˜…amazing.. Just amazing. ğŸ™ğŸ½ğŸ‘ğŸ¼ğŸ˜ŠğŸ‘ğŸ¼well done.,True
This was the shit man I miss the hype,True
This was the most depressing spiderman movie ever.  I wish it had never been made.,True
"Is it me or did anyone see other spideys in this trailer???, ğŸ¤”ğŸ¤”",True
"To think we all went insane in 2016, when the silver war trailer came out and we saw Spider-Man at the end. Who wouldâ€™ve thought a couple years later we would see all three of them  together.",True
"<a href=""https://www.youtube.com/watch?v=JfVOs4VSpmA&amp;t=94"">1:34</a> spider-man in a scandinavian forest looks so illegal to see",True
almost 2 years. this hits harder in 2023,True
Too bad Venom is just a cameo on this movie ğŸ˜¢,True
2021 Was an incredible Year for movies. Hype was insane back then.,True
"This is the worst episode ever. This is crap. I had big hopes about this part of Spiderman, but this is crap. Flat boring story, etc..",True
Dont get me started on Doctor Strange and the little nerd back on earth 1999999,True
This was the worst Spider-Man movie ever made.,True
"Most of Spider-Manâ€™s enemies are not evil like Sandman he was just doing that for his daughter and if his daughter was ok then Sandman wonâ€™t be evil, electro was just sad that no one cared about his birthday and when he turned into electro everyone started to shoot him, Green Goblin 2002 was forced to take the Goblin Serum so the company donâ€™t fall but certainly the serum was not finished 100% and it has some side effects",True
"Most overrated and sh*ttest movie I&#39;ve ever seen. This is just a stupid fan service, I don&#39;t understand why people call it &quot;A Masterpiece&quot; ğŸ˜…ğŸ˜‚",True
"Peter, youâ€™re struggling to have everything you want.  While the world tries to make you choose.",True
"Sony, my point is that the Andrew Garfield trilogy should end.  After the movies morbius and kraven the hunter, the amazing spider-man 3 should also be made. we should see shailene woodley as mary jane watson and the sinister six that will probably be created through oscorp and andrew garfield&#39;s black suit",True
Canâ€™t believe almost two years since this movie was coming out. I remember how insane the hype was. Good timesğŸ¥²,True
Aamir is Norman Osborne<br>Shah Rukh is Tony Stark.,True
"It&#39;s been a year.. but still, i blame aunt may for everything.. just stay dead may... godddd",True
"If there was a time machine to go back to late 2021 to relive the hype, I would.",True
I feel bad for those people that didnâ€™t experience this movie like the rest of us,True
"&quot;Peter, your struggling, to have everything you want, while the world tries to make you choose&quot;",True
Crazy how I just seen this movie today and I even missed the pre hype to it smh never even seen the trailer until now but definitely top 5,True
Green Goblin: Peter your struggling to have everything you want while the world tries to make you choose.,True
When dr strange said â€˜please Scooby doo this crapâ€™ in the movie he actually says â€˜please Scooby doo this sh*tâ€™ which is quite funny ğŸ˜‚,True
"Wait did guys not notice something, in the scene where Tom/Peter charges at electro, lizard, and sandman, electro and sandman seem to not go after Pete but at something or someone else, 2 other people that are helping Tom/Peter fight them, Tobey and Andrew.",True
"i re watched today and Strange said &quot;scooby doo this shit&quot; it felt so weird i had to check it, i knew he said crap somewhere.",True
"<a href=""https://www.youtube.com/watch?v=JfVOs4VSpmA&amp;t=135"">2:15</a> what Dr.Strange and that little nerd did back on Earth 19999.",True
"One of the worst movies ever, even the cgi is terribile. I&#39;m glad I refuse to see this garbage at the cinema",True
This movie sucks,True
"&quot;And don&#39;t even get me started on Doctor Strange and that little nerd from Earth 199999&quot; (Miguel O Hara, Across the Spiderverse)",True
"Turned off half way through, sooooo boringâ€¦<br>Box tick <br>Box tick",True
2 years later itâ€™s already nostalgic,True
"Marvel logic is weird.   Fact,  if you love someone, but forget them, you will still feel love.  Emotions are a totally separate thing, and they don&#39;t forget.   A prior film made a comment that changing the past doesn&#39;t change the future.  They are so wrong with  all of  it.  The movies are fun, but stupid",True
This trailer was fucking insane,True
The hype and build up for this movie was insane and broke the internet,True
After watch only 34 mins . I understood why no one I talked to ever want to be spider man cause he is pathetic woke and marvel has taken that pathetic zingoissm to next level . Worst spider man ever . It was just 34 mins of headache,True
Crazy knowing that this movie will be 2years old this year!,True
â€œPeterâ€¦â€¦â€¦..youâ€™re strugglingâ€¦â€¦To have everything you wantâ€¦While the world tries to make you choose.â€,True
bro its insane to think that across the spider verse and beyond the spider verse are probably gonna reach the heights of this movie I mean god damn I love spiderman,True
This movie is so boring. Bleh. Avoid.,True
Stupid boy ruined all,True
"Even after 1 year, Green Goblin&#39;s voice is enough to give me chills",True
Hard to believe itâ€™s already been a year. The hype for this movie was truly something else.,True
I am Bat- Oh wait wrong video,True
"â€œPeter,<br>Your struggling,<br>To have anything you want<br>While the world tries to make you choose.â€",True
The hype didn&#39;t match the movie.  Very disappointed,True
My favourite scene is when Steven says scobby do this crap,True
It was a stupid movie,True
"Peter Parker killed Aunt May, summoned a whole gang of evil villains, and almost imploded the universe... just to get his friends into M.I.T. Such a stupid movie and Spider-Man is such a stupid superhero for stupid people.",True
"I hate this movie, this movie is so bad that theyâ€™ve ruined MCU",True
I REALLY WANTED TO LIKE THIS. but  i couldn&#39;t. i thought it was stupid. I&#39;m sick of Spiderman being a child,True
How of you regret missing this gem in Theatres like me?<br>LikeğŸ‘‡,True
Trash I canâ€™t lie very disappointing give it 3/10,True
one of the worst movie ever,True
why is this nostalgic,True
"such an annoying movie, superhero? more like super idiot.... shoulda listened to strange",True
I remember just screaming at all those shots of the villain literally waited ever minutes of the day for the trailer can&#39;t believe it&#39;s now been a year crazy ğŸ™‚,True
Whatâ€™s crazy is that this video got 4 million views in 4 minutes,True
I love the way YouTube canâ€™t say shit so it says crap.<br>Movie: scooby doo this shit<br>YouTube: scooby doo this crap,True
I can&#39;t believe one year have past ğŸ¥º,True
"<b>it&#39;s officially a year ago since this movie released,</b> December 17 2021, it&#39;s now 2022 Dec 17, it&#39;s crazy how it&#39;s been a year ago, the hype was real, but not as crazy as end game, I remember eating and watching nwh, man why is time moving so fast. I&#39;m freaking out :(, it feels like yesterday when I was waiting for the release and watching theories, and avoiding leaks",True
The annoying about this movie is the black bars,True
I still remember watching this movie in theatres on the opening day. Man such a nostalgic moments in this movie.â¤ï¸,True
already 1 year thinking back was so unreal I never enjoyed a movie that much in my life for so long,True
Coming back and looking at this exactly a year later is just crazy,True
"Can&#39;t believe it&#39;s already been a year, the hype for this movie was INSANE",True
Today the trailer came out a year ago wtf,True
Stupid movie with ultra stupid main character,True
Andrew Garfield is the worst spiderman.,True
Man i miss the hype for this it was insane,True
"Fav era of all time, the No Way Home era :((",True
"See you all back here in like, 5 years when this is nostalgic âœŒï¸",True
this all feels so nostalgic now,True
It started when an alien device did what it did,True
"not that the hype has died down looking back the movie is actually really bad, basically the non mcu Spiderman characters carried and tom holland spiderman was basically iron boy jr for like 85% of the movie. It wasn&#39;t until the last 15 minutes he was actually spider-man.",True
"<a href=""https://www.youtube.com/watch?v=JfVOs4VSpmA&amp;t=75"">1:15</a> Scooby-Doo this crap!",True
"It&#39;s been 3 chapter &amp; like always this new machine spiderman always be the one who fak the thing up. Just pure dumb. That&#39;s what you get, stupid action come with stupid consequences.",True
Me to Marvel and sony bring back bully maguire ( spider man 3 black suit) once again<br> Ultimate crez of Spider Man fans worldwide,True
"Spider-crap. Probably One of the worst movies ever created. The worst ir the Century for sure. How can you Invest sÃ³ much Money n a crap such as this movie. The script is a joke, carÃ¡cters full with left wing polÃ­tical LGBT, and other agendas. The zombie generation Addicted to Smart phones, sÃ³ annoying, Impossible technology, etc... Tryng to avoid old clichÃªs, they come up with new ones, like a black MJ, a hot ant May. Peter Parker best friend is probably the ugliest man Alive. An Indian flash?!?! OMG and all this on purpose, like if the audience was stupid",True
Zendaya looks like a regular weird teenage girl in spiderman but irl she&#39;s an A-list celebrity,True
No one But me getting shocked at the pumpkin bomb and doc oc like I haven&#39;t watched the movie 100times.,True
â€œThe concept of the multiverse is one we know frighteningly little ofâ€,True
Why this movie is in theaters again? I have already watched this movie long time ago!,True
Cgi is shit clearly visible that those arms are fake and toy,True
There&#39;s always the other home nobody talks about. Thinks it&#39;s called heaven.. ğŸ¤£ come get it!,True
"I just notice that this movies don&#39;t take serious this times, just like the teen Titans of this generation ğŸ˜•",True
"the present peter makes me sick, annoying kid! ğŸ‘ğŸ¼",True
I&#39;m so sad that uncharted is is the end,True
I don&#39;t know WTF some people are living without watching any Spiderman movies,True
&quot;Peter... You&#39;re struggling... To have everything you want... While the world tries to make you choose!&quot;<br>This line haunts me everyday! ğŸ˜¨ğŸ˜¢,True
Beat Spider-Man movie hands down ğŸ¤ğŸ¿ğŸ’¯,True
"I just realised, all of this was caused because Tony Stark said &quot;barf&quot;",True
"I Love the part when the green goblin initially body slams Spider-Man through the floor and then casually walks away after. He was like, &quot;And stay down little punk!&quot; ğŸ˜‚ğŸ˜‚",True
Even today Willem Dafoe&#39;s Green Goblin is as much terrifying as he was back in 2002,True
Nooo! He ends up all alone. Poor baby,True
Stupi&#39; spider .. i only watched half and then goodbye..,True
10 out of 10 movie .A Fucking masterpiece,True
"The end of that movie is brocken. Don&#39;t watch it, it is gonna ruin the past parts.",True
If only marvel included Henryâ€™s character god that wouldâ€™ve been crazy he wouldâ€™ve been able to stop Osborn from stabbing Spider-Man,True
If everyone is gonna suppose to dead while returning to there universe timeline...what is  the point to fix them??ğŸ¤”ğŸ¤”,True
"The film disappointed me, I was waiting for a real masterpiece and got a funny fan fiction from a youngsters",True
Damn black banter trailer at 46 million in less than 24 hours. I thought this would be the highest view trailer in record time.,True
"He is a little twit that Peter in this one, had he listened to Dr Cucumber , none of this grief would have happened and New York wouldnâ€™t have to be destroyed so many times again! Iâ€™d hate to live in NY and pay for buildings insurance!",True
"Looking back at this trailer, it looks impossible for him to take on the 3 villains.",True
It&#39;s not every day that a superhero gets to team up with other versions of themselves to battle the villains from other universes,True
This peter parker is trash. I mean I like Tom Holland. He is adorable and he can act but this Peter Parker/Spider Man character in this particular film is so horrible.,True
They fucked up spider man made it to childish really shit,True
Holy shit i only just noticed that was Andrew&#39;s spider mans hand at the end where Tom&#39;s was trying to save her.,True
"True, I don&#39;t like this peter, too selfish",True
This movie has way too much cgi. The backgrounds are so obvious. Really sad.,True
"Just watched it on Netflix, mediocre film, just fan service, childish and splattered with stupid sometimes cringe worthy jokes. Dumb plot too. And this Spider-Man sure does not look 17 even though he is shortğŸ˜‚. So glad I did not waste my money watching this forgettable stuff in cinema",True
Bad movie old spiderman was all better than this,True
First off we have Mysterio telling everyone that Peter Parker&#39;s spiderman. And then Peter meets Dr Strange. Idk why Dr strange was in the movie. Peter meets the former villains. The villains go berserk. Aunt May is killed. Wasn&#39;t sad at all. Peter meets the two spidermen from different universes. They start attacking the villains and they bring them back to normal. YayğŸ™„. After that Peter asks Dr Strange to wash off everyone&#39;s memories. BAD ending. Overall this movie was mid.,True
Make a cold spider suit in real IP spider movie IP 9 lei 7,True
The internet went insane that fall!!,True
Strange didnâ€™t say â€œscooby do this crapâ€ ğŸ¥² ( it wouldâ€™ve made such a good line if they wouldâ€™ve changed it to â€œscooby do this shitâ€,True
Unbelievable that TASM2 couldâ€™ve been redeemed just by changing Electroâ€™s design,True
"Looking back at it, this movie did not live up to its hype (For me). I feel like it lacked heart and creativity, I know that it struggled during pandemic butâ€¦. I just canâ€™t see it as a masterpiece because for me that title belongs and always will belong to Sam Raimiâ€™s Spider-Man 2 â™¥ï¸",True
Spider-Man: No Way Home is slowly getting The Dark Knight status. Itâ€™s a grave sin to criticise that movie in public!,True
"I don&#39;t think I&#39;ll ever forget the experience of watching this movie on opening day. At the time I had like 20% knowledge of spiderman, my first friend watched every single movie and was obsessed and my second knew absolutely nothing, but still, all of us were screaming at the theater like crazy. The movie is an absolute masterpiece.",True
NAH BC THIS LOOKS SICK AND I CANT WATCH ITğŸ’€,True
"Due to this being a masterpiece, There is a way home!!!",True
I like the other dude playing spider mannnnn ğŸ¥¹,True
"<a href=""https://www.youtube.com/watch?v=JfVOs4VSpmA&amp;t=20"">0:20</a> and <a href=""https://www.youtube.com/watch?v=JfVOs4VSpmA&amp;t=148"">2:28</a> screams don&#39;t actually happen because Zen doesn&#39;t have those vocal ranges. They used another sound effect, plus I watched it. I mean just listen when she talks, look at her Adam&#39;s apple. Weird and rare",True
too complicated .....,True
I am angry at how stupid Peter Parker is. He is soooo naive. It made me skip some parts. Everything seemed so contrived.,True
"For the next Spider-Man movie, i really really wanna see Chameleon and Scorpion! I mean Chameleon was the first villain that Spider-Man fought and Scorpion has yet not been on the big screen (at least not in costume)",True
just watched this trailer and not sure i watched the movie or not.,True
imagine watching this movie without all these fucking leaks..,True
People should understand that marvel ruined the spiderman character with worst story and graphics. Compare the Tsam 1 and Tasm 2 with Marvel spiderman movies. The graphics are worst ğŸ¤¢ğŸ¤®ğŸ¤®ğŸ¤®.,True
This movie is so Amazing and insane i have watched it 9 times,True
I hate Green Goblin for killing Aunt May but still this was a really good movie I cried though,True
"<a href=""https://www.youtube.com/watch?v=JfVOs4VSpmA&amp;t=136"">2:16</a> I like how the 2 other Peters were edited out of the trailer in order to not spoil anything",True
Most idiotic movie ever made by Marvel,True
"At <a href=""https://www.youtube.com/watch?v=JfVOs4VSpmA&amp;t=76"">1:16</a> it says â€œscooby doo this crapâ€ but in the movie itâ€™s says â€œscooby doo this sh**â€",True
"After watching this film, i was sad I lost 2 hours for such an stupid film. I was curious about how people thought on the movie.... People do like this film. Then an understand the makers of the movie does understand An know the brain level of the people who do look to these films. The new generation is brainswashed and do not have the need to use their brains. Im sad for their enslived future.",True
I have this weird habit of watching this every now and then because it still gets me hyped.,True
Settling down for the night ğŸŒ™ ğŸ˜´ ğŸ˜Œ âœ¨,True
I just bought No Way Home to finish my DVD/Blu-ray collection. Can&#39;t wait to see Morbious and Strange 2 next weekend. I took my 6yo to see Morbious but she got scared. So I get to finish it. Can&#39;t wait. Just in time for my 34th birthday,True
is anyone else not gonna mention how f&#39;ed up that car got when it got thrown into the water barrels holy crap,True
"Uhm.. holY SH*+ BALLS!!!!!  I seriously thought that when the avengers were done, it was a wrap!!!! But boy was I wrong, WOW.. BYE.... ğŸ˜³ I NOW HAVE SOMETHING I HAVE TO WATCH FOR THE NEXT FEW HOURS  ğŸ’ªâœŒï¸ğŸ˜‰",True
this part of spider nam is the worst.,True
fuckeddddd .... seriously watched this with no interest ... the most pathetic and funny spiderman movie since ... <br>just watched it 5 mins before and it screwed my mood ...,True
I ONLY SAW THE TEASER TRAILER before I watched no Way home. I did hear the RUMORS that TOBEY and ANDREW were in this film but I didn&#39;t want to believe it as I wanted it to be a surprise and HOLY CRAP. This was the best Spiderman movie ever. HOLY CRAP. THEY BROUGHT BACK EVERYONE. Bringing back every villian from Tobey and Andrew series as well as them. When I saw the scene of Andrew and Tobey both arriving in this film. I was feeling every emotion at once. This movie was a masterpiece...,True
It looks like same to the sinister six,True
So sick,True
"Oscars Piece of shit , latÃ­n American people don&#39;t like boring movies , i don&#39;t waste my time watching boring movies that Oscars like",True
Canâ€™t believe itâ€™s been this long,True
If Sony owns Men in Black. They should work out a deal with Marvel to put MIB in the MCU.,True
"Blatant clickbait, putting Night Monkey in the trailers when he never appears in the movie.",True
I just saw it - really not much better than Black Widow or Captain Marvel.  It really is a shame because I normally love all of the spider-man actors and actresses from the past few movies.    I normally love Cumberbatch as Strange.  Some of my all time movies are Marvel but I&#39;m having a very hard time getting even remotely stoked about their ultra woke crap.   Everyone deserves a second chance even if more good people die than bad people?   Is that China&#39;s new slogan?,True
Ha he says scooby doo this â€œSHITâ€ in the movie but in the trailer itâ€™s crap LMFAOOOO,True
"I&#39;ve not been a big fan of spider man movies.  This to me compleatly failed, I cringed a lot, the jokes was bad, the story was compleatly screwed up in my opinion. I was cheering for  Dr Strange when he fought Spider Man. <br>This movie had a lot of moments that fans of the Spider Man movies would love. Some cool action scenes. <br>But when I don&#39;t support the main hero in a Superhero movie it just flopped for me.  4/10",True
What a shit show,True
the only mistake in this movie is the wrong spelling of believe,True
Letâ€™s Scooby Doo this Crap<br>Doctor Strange 2021-,True
When I was small I borrowed my friends dvd to see Spiderman 1 and now I am seeing all the 3 spider mans in one single film!wow!,True
"Sigh you damned people, so immature, hate the story, but the movie is greatğŸ¤£",True
Scooby Doo this crap,True
Its sad... How they threw out andrew and now little tommy is ruining this character. Once i thought andrew can never take toby&#39;s place but seeing Little tommy taking spidy part made me regret it. No offence tom is a great actor but he is not fit for this role. I hope MCU realise their mistake before its too late.,True
"not worth it,,,",True
"piece of shit, unimaginative lazy move! corporate money grab to collect money from gullible americans",True
I&#39;ve watched this movie spiderman but at the end it says dr strange will return.... <br>Hey what happened???<br>A flop IN every part shouldn&#39;t be getting even a 4.5 rating<br>As i said a flop...,True
when is he gonna get home like help the poor baby,True
Watching the trailer after the movie is crazy,True
man they did do wrong by making everyone forget peter even mj and net dude it was so like it made me cry out in the end,True
Some where in the Multiverse spider-man no way home has a sinister six,True
Where was venom wasnâ€™t he a villain that spider man killed,True
"Marvel are running the game rn, too hyped for Doctor Strange 2!ğŸ”¥",True
One of the worst movie i&#39;ve ever seen.,True
Iâ€™m curious to see what this movie wouldâ€™ve been like without tobey and Andrew,True
the story is so boring and non logical. Dr. Strange can&#39;t make a stupid risky magic like that. This movie is suitable for kids.,True
this movie is crap,True
"This trailer spoils so much of the movie its insane, I don&#39;t understand why they do that. I&#39;d rather have a short teaser hyping you up than this kind of trailer spoiling the whole movie",True
Never in my 28 years of existance have I seen a more boring movie. Never had i not finished a movie i started watching. Till now.,True
"Trailer: Villians from multiverse came back to kill Peter. Expectations: Spidermen from multiverse will save the day.<br>The plot (spoiler alert): Peter tries to save the villians from death, slow sequences, a death in the family and lots of emotional moments. A little bit boring compared to the trailer.<br>I guess imdb rating is high because of nostalgia.",True
Your videos are sick,True
I watch the film. It is awesome but the end is dumb. MJ had to recognize Peter.!!! I was sĞ¾ angry all day because this!!!! ğŸ˜¡ğŸ˜¡ğŸ˜¡,True
U CAN&#39;T FUCKING SAVE UR SELF,True
Let&#39;s talk of the power of Brand Loyalty to Marvels... Coz truly Speaking this movie is boring like the worst.of most Marvels ... Overrated... ğŸ˜ªğŸ˜ªğŸ˜ªğŸ˜ª,True
the final said scooby doo this shit,True
What a crap movie. Donâ€™t waste your time. Itâ€™s long and lowest story ever,True
"I hated this movie in very possible way.. terrible writing, terrible acting, terrible concept of spider verse.",True
"This movie sucks, let&#39;s be honest. Everyone is just so dumb, you can&#39;t tell who&#39;s good and who&#39;s bad anymore. Seriously, this movie is shit compared to 2002-2007 trilogy.",True
"Any guesses what should follow next for Tomâ€™s Spider-Man?<br>a) Meet Gwen Stacy in college, team up as Spider-Woman.<br>b) Date Kate Bishop or Ms. Marvel.<br>c) Get rescued by Doctor Strange or Nick Fury<br>d) Get transported into Sonyâ€™s SSU via Venom goo.",True
All the negative people,True
Another childish mcu movie. Overrated.,True
Alright negative people showed up,True
Was disappointed would give it a 4.5 ...ğŸ™„,True
This PC parker is the most annoying spider man,True
this movie is garbage. wtf is this kid doing.. Like who did this dumb movie. omg.,True
Tobey appearance shocked me!,True
Wow. I seen the movie before any of the trailers. They ruin the whole story wtf. Thats why i stoped watching them,True
"What a garbage movie, had to quit half way through it was that bad.",True
I HATED MJ IN THIS ğŸ¤®,True
Just watched the FIRST HALF of this SHIT....The BIGGEST CROCK of DOG SHIT I have ever seen....STAN LEE would have been very DISAPPOINTED.....REAL WASTE  OF TIME ...,True
how pathetic magically reviving dead characters ???,True
"<a href=""https://www.youtube.com/watch?v=JfVOs4VSpmA&amp;t=154"">2:34</a> don&#39;t do what the other spider man did to Gwen Stacy.",True
90% of the movie is shown in the trailer.. disappointed after watching the whole movie,True
"if you expect disappointment, then you can never really be disappointed. â¤ï¸ğŸ‘",True
I didnt bored even one second. Masterpiece movieâ¤ï¸â¤ï¸,True
Strange: From <i>every</i> universe!<br>Peter: Then whereâ€™s the other six??,True
"Few years laterâ€¦<br>SPIDER-MAN: HOMELESS<br><br><br><br><br>No not really, I saw the ending",True
Maguire &gt; Garfield &gt; Stupid Childish Holland,True
I&#39;m 15 and I already know I&#39;m gonna feel Nostalgic later in life about how I was awake whole night because of the trailer,True
The worst movie ever!!!! Is terrible!!!! 2 and  halt hour lost from my life!!!! Bad!BAD!! ğŸ¤®ğŸ¤®ğŸ¤®ğŸ¤®ğŸ¤®ğŸ¤®ğŸ¤®ğŸ¤®,True
Where are the other spider men tobey and andrew,True
The goblin was dead in 2002 how is he alive again brah??,True
I heard so many positive reviews about this movie. This shit was boring as hell!!,True
Where are all those people who told us not to over hype this movie and not to believe all the rumors because we all are going to be disappointed af?,True
You meant scooby doo this shit,True
"I think I heard this &quot;you are struggling to have everything you want, while the world tries to make you jew&quot; when the goblin flies and drops his bomb.",True
The other peter&#39;s were peter over the years bc I saw the 2002 peter,True
Not being able to stream this until March 22nd is f&#39;ing stupid.,True
Iâ€™m literally gonna waste all my money just for this.,True
Unbelievable this is the only time the same actor has played the same role in two completely different franchise movies,True
"Just saw it in the cinema, what happened to the Spiderman movies, since the previous ome the movies just seem off, also some really weak humor that are somehow meant to be jokes, the plot was jumping from fumny to really dramatic to suddenly action! Really weird script.",True
That moment in the trailer where Tom tries to save MJ gives me chills knowing what happens next...,True
"Not gonna lie, I though Alfred Molina and Willem Dafoe is dead",True
The only thing that made me mad was Dr strange could mess with reality for Peter but he couldn&#39;t  go back and save IronMan.The Actual movie was so good.,True
so why does octupus man and green goblin and sandman retturn ?<br>this is a mistake<br>as the previous spiderman movies was bitten by a spider<br>this spiderman has some mechanical device on his wrist<br>that means this is aremake of the spider man movies and cannot cross with the previous ones<br>so they made a mistake,True
"Seems corny, I don&#39;t like this Tony Stark butt kissing spiderman",True
I like it but the end No i was disappointed,True
Very bad trailer. Very bad ğŸ˜ğŸ‘ğŸ‘ğŸ‘,True
It&#39;s weird that the official MCU is making fan films now.,True
why do these movies keep bringing back villains back from the dead? could they not come up with something new?,True
"and to think this was only 3 months ago<br>it seems weird, like Stephens tinkering with the time stone. I swear to god this movie coming out 3 months ago dosent feel right for some reason",True
Omg this look so boring,True
"Jamie Foxx aka Electro mentioned there gotta be a black spiderman somewhere, so y&#39;all gotta make a real black spider man movie!!!",True
"Poor story line, Poor execution, 3 dumb Annoying kids.<br><br>Whats more hurting ?? Itâ€™s to see DR.Steven strange who defeated Dormammu without fully knowing his powers getting defeated by an expressionless kid &amp; his friends &amp; Ned, that ugly fat kid who got the portal open without a slightest struggle kind of killed the legacy of Dr. Strange. <br><br>Pure disrespect of powers &amp; characters on which Marvel was built.",True
I hate sad ending in movies and unfortunately to my luck this was the saddest ending in history of movies,True
Anyone notice the Venom little piece he left when he got to his universe at the end?<br>That means something for another movie- Spider-Man: Can&#39;t Make it Home,True
Okkkkk I&#39;m crying ğŸ˜¿ğŸ˜­ that sad but that funny too ğŸ¥² idk but I&#39;m so surprised,True
"<a href=""https://www.youtube.com/watch?v=JfVOs4VSpmA&amp;t=76"">1:16</a> in the trailer he says crap but it the movie he says shit",True
"I watched this trailer over 15 times the day before I watched this movie, just to keep the hype high. And each time it game me chills!",True
Same old over-exaggerated crap,True
The hype for this movie was crazy,True
"What a joke. The only Spider Man movie I actually made an effort not to see. What lazy writing...bringing back every other stupid villain from the other movies just because Sony owned those rights. Can&#39;t believe there are people excited to watch this....After Avengers endgame, it seems Marvel is giving up....stupid movies like The Eternals, Black Widow....Spider far from home...wtf is going on ? MARVEL...NO ONE IS FORCING YOU TO MAKE 1 MOVIE A YEAR! TAKE YOUR TIME! MAKE A QUALITY PRODUCTION, DON&#39;T BE JEW DISNEY TRYING TO SPIT OUT A MILLION MOVIES A YEAR. ....OH WAIT....DISNEY OWNS YOU.....now I get it. hahahaha",True
I doesnt like spidey now coz of this movie<br>A very simple story but make me hate this spiderman,True
Scooby Doo this crap ğŸ˜‚,True
Anyone coming back after watching sam raimis Dr strange 2 ?,True
"I would like to ask if that was Jean Grey with the yellow or orange thing fighting against Wanda or someone else ğŸ˜¯ğŸ˜¶ <a href=""https://www.youtube.com/watch?v=JfVOs4VSpmA&amp;t=118"">1:58</a>",True
A bit lazy with the quality of production,True
In the movie instead of saying scooby doo this crap doctor strange says scooby doo this shit,True
This movie sucks. Waste of time,True
Fun fact: They used a move from Insomniac&#39;s Spiderman video game in the movie.,True
The fact dr strange say scooby doo this crap is amazing,True
"Bad movie, they wanna make everything cool",True
This part  is soo bad fully and noise,True
I hope that we will have a universe without such worst film.,True
"No good screenplay, irrational story development. Just a one-star movie.",True
Spider man just became  a foolish selfish boy who asked for help from Strange and betrayed him.,True
"<a href=""https://www.youtube.com/watch?v=JfVOs4VSpmA&amp;t=1"">0:01</a> Benedict Cumberbatch Screaming a long with the music",True
Worst spider character shit,True
Have a theory here my theory is maybe the mcu planned nwh all along cause they made the meme the 3 spideman&#39;s pointing at each other,True
Got the fucking goosebumps every time I see this master piece,True
â€œPeter.. your struggling to have everything you wantâ€¦ while the world tries to make you chooseâ€ğŸ˜ˆğŸƒ,True
Scooby doo this shit,True
"Spoiler  alert :<br><br>I ve seen this movie and I&#39;m gonna tell the fax and sad moments<br>1. Goblin, sandman Marco, Otto octaves , lizard, electro come into Tom Holland verse<br>2. Aunt may dies<br>3. Tobey and Andrew show up in his verse <br>4. Saddest.. everyone forgets Peter Parker like everyone which leads that everyone again forgets the identity of spider man and thus Peter Parker is completely alone in his life ğŸ˜¥ğŸ˜¢",True
Movie was alright. They literally only fought the big villains and no smaller criminals which i found very boring. The CGI looked crap at some points like when jamie foxx&#39;s arms looked like rubber/plastic while he was hovering in the air. I feel like tobey and andrew should have gotten out of the portals in a more dramatic way. Its for sure a movie that has to be watched but for me i will only watch it once since it really feeled like that all the money went into getting all 3 spidermans together. This movie all in all felt like an excuse to bring all 3 together to grab some cash. There was literally no point in jake gyllenhal revealing the identity of spiderman...like at all.,True
I watched the movie and now I watch the teailers again and how stupid they are. them laughing at doc ock or mj and strange shitty talk,True
after watching the movie i kind of hate tom Holland&#39;s Spiderman because of his personality he wants to change everything without thinking the consequences,True
yesterday watched this movie.. very disappointed with story line up and acting. means i thought lets watch all spider man together pure nostalgia but... the movie line was shit ğŸ’©ğŸ’©ğŸ’© totally frustrating ğŸ˜¤.,True
All theyâ€™re missing is a unicorn ğŸ¦„!   No thanks!,True
Well guys i think something is wrong about multiverse and that is there is only one stan lee i just got thÃ¬s thought ğŸ¤”  well its thruth who all agree?,True
"I still can&#39;t believe Spider Man fights 20000 Volts, Grenades, and titanium steel arms with a single piece of string.",True
The only part missing here is stan lee cameo.. imagine if stan lee meets all 3 spidermen,True
"Anyone know the name of the song, especially the one playing at <a href=""https://www.youtube.com/watch?v=JfVOs4VSpmA&amp;t=157"">2:37</a> where Peter tries to save MJ? Shazam gives nothing",True
it is kinda trash that its excusevly in theaters and not on netflix or somefin where the other movies are it wouldnt even been so bad if you didint NEED to ,
vaccinate to go and watch this movie i wont ,
vaccinate only to see spooder men with mobey taguire an the amazing spooder men together fighting,True
I&#39;m so happy i never watched the trailer or even the poster for this. Seeing all of the old villains come back in this movie felt so insane.,True
The worst Spiderman I have ever seen. Deeply disappointed.,True
Bro HOW SICK WAS THIS MOVIEEEEEEE,True
Did you see that tom holland and miles morales are in docter strange 2,True
Scooby doo is crap XD,True
Peter you&#39;re struggling to have everything you want while world tries to make you choose strong enough to have it all too weak to take it,True
Unfortunately worst spider-man movie ever.,True
"I see a lot of people saying this movie is a masterpiece, calling this movie a masterpiece just for the fact that all 3 spiderman appeared is just nonsense, this movie is extremely badly written, I&#39;m not saying it is a bad movie, seeing the 3 spiderman unite is quite unique, however the movie relies heavily on nostalgia, that&#39;s the only thing that makes it good, take away Garfield and Maguire and it will just be a regular movie with bad CGI and a poorly written plot... comparing this to actual masterpieces should be ilegal",True
Dr. strange has the strongest domain expansion.,True
"I swear each Spider-Man film, most of Peterâ€™s sufferings are self-inflicted. I often get excited in watching Spiderman movies but you sometimes need a prepared heart when seeing how Peterâ€™s life is more tragic, than dramatic, when seeing Peter go through the â€œbeing a hero requires heavy sacrificeâ€ theme. Poor kid always ends the film in an unrewarding situation ğŸ˜­.",True
Why does this make me cry omg Iâ€™m so excited Iâ€™m too obsessed I already saw it but Iâ€™m waiting for it on Netflix omg,True
tom: i learned teamwork with the avengers from my past enemies<br><br>andrew: i learned how to be stronger from my past enemies<br><br>tobey: from one of my past enemies i learned how to do this.<br>&quot;shows the infamous bully maguire dance&quot;,True
This was so sad,True
This movie is Trash like 2 previous ones with Tom Holand,True
Spider man is Peter Parker but at the end everyone forgets Peter Parker Its sad :(,True
The next Spider-Man <br>Ned Leeds Evil,True
There are tons of spiderman stories and they had to repeat the previous ones,True
"Old spider-man are really sought after but this one protects itself only defended by its special effects, Apart from that the movie is worthless, the text, the story... were written on a piece of paper.<br>Thereâ€™s a moment weâ€™re waiting for that allows us to straighten out our poor actor, but it stops here. We have the impression that the spider-man is written to entertain the gallery, young children. For the budget put in I admit to being surprised. <b>People see Marvel and are unable to judge the movie</b> as if it came out of an independent studio. Itâ€™s not far from a 2/5 I think. After those who put a 4.2/5 put a 2.5/5 to the new James Bond (75% real scene)... Itâ€™s hard to judge a movie but try to figure out how to film, do a VFX, 3D and youâ€™ll be able to recalculate",True
Im not a huge Marvel fan but this movie....holy cow ğŸ˜± it was amazing!!!<br>Love how they don&#39;t give everything away in the trailer,True
Itâ€™s not cool itâ€™s a massive masterpiece,True
This mj also screams annoyingly like the other mj,True
Now we&#39;re waiting for Morbius and Dr Strange ITMOM,True
Is a movie they spent 703$ on the movie to see the movie,True
Goblin: It&#39;s so sad that Elon Musk died of Sugma <br>Aunt May: Who the hell is Elon Musk?<br>Glider: Sugma Balls<br>(get Swish&#39;d),True
Is it only me or as anyone noticed in the trailers dr strange said scooby doo this crap but in the movie its scooby doo this sh*t,True
I remember the day when we heard &quot;Hello Peter&quot;<br>The whole world went crazy <br>And now Multiverse of Madness is on its way,True
The build up to this movie was insane.,True
Sucks Mysterio was cut from the movie,True
I already go to the cinema and watch this movie<br>It&#39;s really funny and sad,True
"Ok , the acting , special effects were great . With that being said I did not enjoy the movie. I thought the story line could have been a lot better . I donâ€™t like the fact his aunt was murdered because of his choice . I donâ€™t like the fact the writer set an example that is not realistic . The moral of the movie for me was if you are being robbed by a criminal give the criminal the keys to your car to drive away with  , open your door and let the criminal in your home and assist them with stealing your property. If your family gets hurt in the process itâ€™s ok because you must be kind all the time even if you are being violently attacked are robbed. STUPID CONCEPT !",True
Defoe&#39;s few words make it truly epic.,True
What does Hollywood show? By this movie!<br>That USA exist in all universe planet ğŸ¤£<br>Three spider ğŸ•·ï¸ man from different universe planet. But one is common. Three spider men in USA,True
How does the green goblin return,True
I was deadass expecting Sunflower to play at the end credits with a black screen and we just jear a spiderman zipping through the city,True
"I&#39;ve noticed something in <a href=""https://www.youtube.com/watch?v=JfVOs4VSpmA&amp;t=84"">01:24</a><br><br>Trailer: Please, Scooby Doo this crap.<br><br>What I watched: Please, Scooby Doo this shit.",True
If any body had played the pS4 game amazing spider man it&#39;s copy of that game it also contains blak suit in movie an d on that game in same manner everything happen only doctor strange is added in no way home DEEP FACT,True
marvel sucks and spider man is the worst. NWH should be a flop,True
After Avengers Marvel is unable to give the same touch as they used too except Shang-Chi every other released movie is average,True
Iâ€™m still depressed movie theatres are closed for me. I just wanna see this damn movie.,True
"I despair for those who don&#39;t know who the Green Goblin, Doctor Octopus and the Sandman are from the movies. Electro and the Lizard??? I couldn&#39;t care less.",True
I get goosebumps whenever I hear the green goblin speak.,True
Probably the worst marvel movie full of shit,True
Tobey : Harry Saved me !! <br>Andrew : He Killed My Girlfriend !!<br>Tom : Who The Hell Is Harry ?? !!,True
The way Doctor Strange says &quot;Spider-Man&quot; sounds like &quot;Spider-Men.&quot;,True
"How dissapointing was to find out that the made the whole movie arround the trailer, its like seeing an empty sheel trying to fill the void promises of a meh trailer.<br>what a waste of time for a half cooked movie that obviously had to rush out to meet the expected release date.",True
I like spiderman but this one was stupid tbh,True
"Worst and stupidest Spiderman, trying to change the fate of a villain hahahha..saving a life of one for a killing million of lives including her aunt. I strongly suggest not to watch this movie its just a waste of time and money.",True
This trailer is going to nostalgic and the movie as well,True
(WARNING SPOILER) Cant believe doctor strange got folded by spider man ğŸ˜®â€ğŸ’¨,True
Anyone else thought that the gold and black suit was the black suit from spider man 3?,True
"You know,after watching the actual movie i feel like things could have been a lot worse (in the story) if Tom was the only Spider-Man.",True
Oh my God I AM SICKKKK of Spider Man as an IP.. soooooooooooooooo f boring.. as well as ANY Disney super hero from Marvel..<br>Super heroes are creativly bankrubt and are utterly meanningless to watch any of their movies.. &gt;:^(<br>And spider man takes the cake on this.. &gt;:-(<br><br>We need 30+ years rest without any spiderman junk..,True
"I feel weird seeing the trailer again, knowing that tobey and andrew appear in the movie.",True
The problem in this movie is the Black women of mit tryin to leave the car  whit the car unlocked and she forgot dat the car has other doors sooo dats wierd,True
It feels so awkward to only see Tom jumping out to the villains now ğŸ˜‚,True
I cant find this movie anywhere:&#39;( I wanna watch it so badly now it looks so epic,True
Maybe sony should make a game on no way home!,True
No-one I know saw this. I think we all have genre fatigue TBH... I mean 4 Spider men in 12 years is a bit much. Yes there have been four.,True
"The moment Dr. Strange said &quot;scooby doo this crap&quot;, I was like oh no, did disney just buy the rights to scooby doo as well ğŸ˜•?",True
<b>-Who are hate Spider Man mostly?</b><br><br><b>-Rhino?</b><br><b>-No.</b><br><b>-Goblin?</b><br><b>-No.</b><br><b>-J.J.Jameson?</b><br><b>-No.</b><br><b>-Landowner?</b><br><b>-No.</b><br><b>-Window cleaners?</b><br><b>-Yeah boi....</b>,True
HOLY SHIT!!! WHY DIDN&#39;T I BUY TICKETS!! IT WAS YESTERDAY ON CINEMA,True
did anyone heard the part where doctor strange gliched a bit when he said we need to send them back is it just me,True
All actors are perfectğŸ”¥ but the story of the movie is worst ğŸ’”,True
the most idiot character ever...,True
"Black spider man suite Tom Holland  <a href=""https://www.youtube.com/watch?v=JfVOs4VSpmA&amp;t=46"">0:46</a>",True
Itâ€™s funny in the movie instead of scooby doo this crap itâ€™s scooby doo this sh*t,True
"woa it&#39;s so cool, too bad i can&#39;t watch itğŸ˜­",True
Dr strange- be careful what you wish for parker<br>Me-thinking what movie dialogue was that <br>Oh yeah I remembered  the movie of Jim Carrey Bruce Almighty - be careful what you wish for punk,True
"LOL Spider Man my arse.. The glorious reviews are fake - seriously, don&#39;t waste your time.  The only villain&#39;s in this movie are hurt feelings. No good jokes, no death and destruction, just a couple of kids defending who knows what - his mother&#39;s honor? The theatre was silent except for one couple that giggled at every line.",True
This doesn&#39;t fail to give me goosebumps even after watching the movie.,True
"This took very long to make, give credits to the director of this movie",True
Could this movie earn at least <b>$375 million</b> before the end of February to reach <b>$2 billion</b> worldwide ? Let&#39;s see â—â—â—â—,True
"Seeing and hearing the voices of the other two, it took me a minute to realize, Oh God that&#39;s .... and everyone seems to have the same reaction. I HAD TO CLAP and SHOUT with glee. I missed that guy!",True
Notice how Ned tries to catch MJ despite falling himself. Calling it now. When Peter tries to get MJ back Ned is gonna try to kill him out of jealousy.,True
"The crazy part about this movie is, we still don&#39;t know who spiderman is.",True
"&quot;peter...you struggling, damn everything you want while the world tries make you choose&quot;<br><br>- green goblin",True
Why does this look so lame,True
Wtf is going on here,True
"After seeing ned and peterâ€™s last handshake,if ned becomes hobgoblin in the next movie or even worse,he becomes hobgoblin and dies in the next movie like harry in spiderman 3,i would be very sad",True
sorry sir i have permission to ask for the video ğŸ™,True
The forced diversity is a joke,True
"this movie was a masterpiece, but imagine if peter would have fought the sinister six alone like shown in the trailer, that would have been also very cool.",True
The worst part is that at the end Peter&#39;s friend&#39;s memory needed to be erasedğŸ˜­to rearranged all the problems!,True
"this is not a movie ,not a masterpiece <br>but<br><br><br><br><br><br><br><br><br><br><br><br><br><br><br><br><br><br><br><br><br><br><br><br><br><br><br><br><br><br><br><br><br><br><br><br><br><br><br><br><br><br><br><br><br><br><br><br><br><br><br><br><br><br><br><br><br>a shitty movie with forced cameos and bullshit in the name of nostalgia",True
In this movie they foreshadowed Spider-Man and Ned will become enemies. I feel like Ned and Peter  will fight for MJâ€™s attention in the next movie and that will make him a villain and will try to kill Spiderman because he couldnâ€™t remember him and the only way to remember him is Wanda through her powerâ€™s idk itâ€™s just my theory ğŸ•¸ğŸ¤¸â€â™‚ï¸ğŸ•· OR HE WILL SUMMON OTHER EVIL NED FROM OTHER MULTIVERSE LOL,True
"<a href=""https://www.youtube.com/watch?v=JfVOs4VSpmA&amp;t=51"">00:51</a> he is physically wrong but technically correct",True
"Soon they are just going to upload half of the movie instead of trailer, and then you have to pay 15$ to watch that another half. ğŸ˜˜",True
Why are they showing us a video of some random teenager. Whoâ€™s peter?,True
just a few views away from perfection,True
"He says shit instead of crap, right?",True
"An MCU SINISTER SIX STORY COULD BE THIS.<br><br>Spider man Home Alone: Spidey goes against Venom<br>Spider Man: Close to Home: Spidey goes against Kraven The Hunter with Mac Gargan As Scorpion as a side Villian <br>Spider Man: The Sinister Way Home: When Ned starts to realize that heâ€™s forgot about Peter He goes through the old tech from green goblin. However, Ned tries to alter the goblin Formula and it becomes something else. Using the New goblin Formula he tries to remember the good times but The new goblin formula corrupts his mind and he becomes the Hobgoblin. With his mind corrupted he now believes Peter pushed him away and never tried to find him. To get revenge on Peter he enlists the help of some of spider Mans biggest foes. He enlists the Help of Vulture who wants revenge on spider man after his arrest led to bullying for Liz and her offing herself. Scorpion and Rhino Just because. Kraven wants another shot at killing Spidey and he finds out that Mysterio is still alive and wants revenge on Spider Man for messing up his plans but the twist is  vulture or Mysterio do not remember Spider-Man is Peter together with Kraven,Scorpion,Mysterio,Vulture,Rhino and Hobgoblin they form the sinister six and take on spider man",True
College Trilogy Titles <br>SPIDER MAN: HOME ALONE<br>SPIDER MAN: CLOSE TO HOME<br>SPIDER MAN: THE SINISTER WAY HOME,True
Omg its the guys from fortnite (its a joke please dont take this serious),True
"Frankly, it was very sad that no one recognized Piter Parker at the end of the movie.",True
"<a href=""https://www.youtube.com/watch?v=JfVOs4VSpmA&amp;t=135"">2:15</a> just feels weird after watching the movie.",True
"Green goblin: despite everything youâ€™ve done for them, eventually they will hate you",True
I haver never seen such a disaster movie poor cgi.....just as other stupid Spidey movie,True
"this movie was sick, such a good movie",True
Adrue Garfield and tobey maquire are in the movie sorry for spolers,True
So all the villains from the other Spiderman movies all got brought into &quot;this&quot; universe.. is that what Im thinking is going on here?,True
Itâ€™s weird thinking about the fact that just a month ago we were eager to see even a glimpse of this movie and now weâ€™ve witnessed a masterpiece.,True
just an other movie not worth my time because it is just style over substance with very little if any effort put in the writting.,True
"100/10<br>Best film for me for a very long time.<br>But you ain&#39;t getting spoilers from me, other than that this movie was so big it felt like &quot;The power of the sun was in the palm of my hands.&quot;",True
I donâ€™t know shit about superheroes but Iâ€™m about to go see what all the hype about.,True
"ğŸ˜‚ I thought first tis was a boring movie... And I squeak when Toby and Andrew were revealed. ğŸ˜‚ We laughed, screamed and clapped when were watching the movie Yesterday.",True
"Why is it that the dead villains (goblins, electro) from the tasm/Raimi universe are pulled back to the mcu universe to come back to life?<br>Is Gwen alive too! and she is confused in whose world(mcu) is this,He&#39;s lost and there&#39;s no way homeğŸ˜±",True
Worst movie Ive seen in a while,True
Strange is in a total I-missed-the-part-where-that&#39;s-my-problem mood.,True
The Next Spiderman movie Fearful Symmetry Kraven&#39;s Last Hunt,True
"<a href=""https://www.youtube.com/watch?v=JfVOs4VSpmA&amp;t=76"">1:16</a> he says scoobydoo this crap instead of scooby doo this shit because itâ€™s a tralier",True
Doctor strange: there coming thru and i cant stop them,True
Can anyone give me hd link of the movie I am poor and can&#39;t afford to buy tickets.,True
Peter: Iâ€™m sorry what was your name again?<br><br>Doc ock: Dr. Otto Octavius,True
What a dumb movie or dr strange could just erase what MYSTERIO said,True
Scooby do this crap hahaha,True
ngl i didn&#39;t really understand this movie. why did they just put some random new york kid in it. kinda weird tbh,True
"it&#39;s sad ğŸ˜... now i know why it&#39;s called &quot;No Way Home&quot;..<br>In the end, he is Alone and Forgotten...",True
Freaking stupid. These days stupid actors used to make stupid moviesğŸ˜‚ğŸ˜‚ğŸ˜‚,True
Are we not going to talk about how useless the lizard dude was,True
In the cinema I saw this right and dr strange said scoot doo this shit not crap in the trailer here he says crap,True
"Dr. Octopus, green goblin, and harry osborn is die, but they get double alive , maybe its named edo tensei",True
Bad movie in my opinion,True
Too much fake in the movie,True
"&quot;Peter, no good deed goes unpunished, you can thank me later.&quot;",True
Why so little participation of the 2 old spidermanğŸ˜­ wish theres a part 2 that they will show up in other universeğŸŒŒğŸ¤£,True
"After the release, they still keep Tobey and Andrew a secret...",True
"Imagine living in The Netherlands and you&#39;ve waited all year to see this movie, but when it drops the government decides to close the cinemas due to rising corona cases. This fucking sucks. Theres no way to watch this unless you torrent some terrible cam version.",True
As all of the spiderman movies include home maybe I&#39;ll tell you some name idea&#39;s for the next spiderman movie ğŸ˜‚ğŸ˜‚<br><br>&quot;Spiderman homeless&quot;<br>&quot;Spiderman way home&quot;<br>&quot;Spiderman back home&quot;<br>&quot;Spiderman near to home&quot;<br>XD ik this is pretty lame ğŸ˜…,True
Why they dont add the other spider manğŸ˜•,True
Isnâ€™t it so sad how people could grow us so fast.,True
Did they change shit with crap in the doctor strange scene for the trailer,True
"I just realized, they edited out the other 2 Spider-Men in the trailer!",True
"Spider-Man, Green Goblin, Doctor Octopus, Electro, Sandman, Lizard...What is this?! The Masked Singer?!",True
Little sad thereâ€™s no James Franco as Goblin Jr.,True
Ssssssspppiiiidddddeeeerrrr man no way hime was a black,True
<b>So now I am confused. Is Spiderman (2002) the first MCU movie or Iron Man (2008) ?</b>,True
This movie is bad,True
wait but does strange have the time stone again? i thought i got destroyed,True
this movie is actually insane I watched it with my big brothers itâ€™s sick  !!!,True
This Movie Was Too BAD! looks like a children&#39;s&#39; movie,True
Spiderman betrays doctor strange and the Marvel Cinematic Universe will forget that Peter Parker is Spider-Man,True
"This is not a movie, this is a masterpiece<br>Edit: pls stop crying in the comments about every bad thing in this movie, if u dont like it fine but let the ppl who do live",True
crap instead of sh man yt be like,True
I think Spider-Man No way home will be bigger than every other marvel movies,True
modified less = goodness... GMO no good non-GMO no good organic whole and refined yes YES!,True
"after watching the movie, yeah this trailer and all others spoil too much. I miss when trailers and ads didn&#39;t have to ruin surprises and key plot points, its just so anti-cinema culture to give that information in advertisements instead of having a meaningful reveal. Marvels getting worse at movies the more they shill this &quot;expanded universe&quot; crap.",True
This is going to be nostalgic in the next few years,True
"And I Just Noticed That In <a href=""https://www.youtube.com/watch?v=JfVOs4VSpmA&amp;t=130"">2:10</a> When He Shoots The Web It Literally Sounds Like Andrews Web Shooters And Might Be A Little Hint That Andrew Is In No Way Home",True
this movie is so inferior (like all the cheesy marvel movies now...) cant wait to never watch it,True
"No one:<br>My brain at 3AM: If everybody forgot who is Peter Parker Mary Jane broke up with Tobey&#39;s spidey? And forgot Peter Parker doesn&#39;t mean that Mj and Ned forgot Dr Octavius, Strange, Norman and everyone else. WAIT! Are they forgot all Peter or just Tom&#39;s Peter?........",True
Bullshit ....Doctor strange have no concern with spider man Garbage Ideas ....Again &amp; Again ....Last Stage of Hollywood ....,True
IM MAD WHERE IS REAL SPIDER MAN PETER PARKER!!!!â€™,True
When i goes to the movie all i watch is only a random kid buying a coffee...like yo,True
When i goes to the movie all i watch is only a random kid buying a coffee...like yo,True
This movie was disappointing,True
Once Again strange carrying mcu,True
I swear to God I walk into my school and someone spoils the Spider-Man movie Iâ€™m going to be soo mad,True
"My hair raised when Alfred said &quot;Hello Peter&quot;<br>And I thought about Maguire&#39;s Peter Parker when he said &quot;You&#39;re not Peter Parker&quot;<br>I&#39;m going to watch movie today, I don&#39;t know plot but I think that somehow Doctor Strange created illussion so that nobody can recognize Peter Parker",True
THE ENDING WAS SO SAD FOR TOM AND ZENDAYA I HOPE MAY CHANCE PA SILA SA NEXT MOVIE NG SPIDERMAN I HOPE MERON PANG NEXT MOVIE P.S. AND I CRIED WHEN TOM&#39;S MOM DIED AND I SUPER CRIED THE PART WHEN TOM AND ZENDAYA TALK BEFORE THEY FORGET EACH OTHER HOW ABOUT YOU GUYS?,True
Spoiler: &quot;In spider-man no way home peter--&quot;<br>Me: HEY YOU KEEP YOUR F*CKING VOICE DOWN!!!!!,True
"Fun fact: in the Venom 2 post credit scene, Eddie was watching a show where a girl broke up with a man and apparently the man had a big secret. (it doesnâ€™t say what it was) but Venom was defending the Guy while Eddie said â€œthatâ€™s a big secret to keep manâ€ and then venom said â€œwe all have a past, Eddie.â€ And Eddie says â€œare you keeping something from me?â€ And Venom says â€œ80 million years of hive symbiote life is too complicated to explain to your brainâ€ or something similar to that. Eddie Denys, and venom proceeds to accidentally teleport to the MCU. Venom looked at the TV and the News was on talking about how Tom Holland spider man killed Mysterio. Venom said â€œ that-.. guyâ€ he then proceeded to lick him on the screen. So yea",True
But why Peter is not asking Dr Strange to let everyone forget Mysterio?,True
i thought MJ was gonna die when andrew went down for her,True
Why do they keep using different actors to play Spider-Man?? Wasnâ€™t there just another one that just came out a few months ago? Not interested at all! Played out,True
"If youâ€™re playing Marvels Spider-Man and or Spider-Man: Miles morales, the second half of this trailer goes hard asf in the background while youâ€™re fighting a shit ton of people.",True
"Even for me who only watched MCU spiderman so far, I cried when I see Tobey and Andrew. Coz like even i dont watch their movie (yet) I know who they are :(",True
What a crap.,True
"When Andrew Garfield showed up and came through the portal, literally every single person in the theater started clappingâ€¦, it was a thing I never experienced beforeâ€¦",True
"My brother watched every single Spider-Man movie so he could see this one, i encouraged him, tomorrow weâ€™re watching it.",True
"&quot;You&#39;re all grown up, how are you?&quot;<br>&quot;Trying to do better&quot;<br>Hits me hard",True
Now that&#39;s one HELL of a movie! The idea to bring chaos to the multiverse in that way brought me chills as i was watching this masterpiece! Congratulations! You have reached the highest level of creativity! Thank you for that! And imagine i was not a great fun of spider man before the avengers! Now all i&#39;m waiting for is the multiverse of madness to bring the ultimate fantasy!,True
Spoiler! Doctor strange said scooby doo this SHIT instead of CRAP,True
Fallen angels. False idols. Nothing new under the sun.,True
The way they didn&#39;t add the other two in the trailer as they wanted it to be a surprise,True
RIP to those die-hard spidey fans who couldnâ€™t see this masterpiece :(,True
"Only bad thing is , this story is a issue created by spiderman to hide his identity ğŸ¤£ğŸ¤£ğŸ¤£",True
This Spider-Man lacks common sense,True
"<a href=""https://www.youtube.com/watch?v=JfVOs4VSpmA&amp;t=154"">2:34</a> is what happens when the turbo spools and then the world slows down.",True
This movie was horrible. I do not understand the hype Iâ€™ve seen all the spider manâ€™s and it seems like they threw this together for the money. No real reason to make this cool idea horrible execution. I did not like the movie at all. Didnâ€™t enjoy any of it and do not understand the hype at all.,True
"<a href=""https://www.youtube.com/watch?v=JfVOs4VSpmA&amp;t=76"">1:16</a> In the trailer Doctor Strange says scooby doo this crap but in the movie he says scooby doo this and then the s word maybe the word crap was changed to the s word instead that&#39;s interesting",True
Why is everyone so annoying in this movie -<i>___</i>-,True
Hidden tobey andrew ğŸ˜‚,True
"I don&#39;t get it...why does people hate him? He&#39;s a hero, I didn&#39;t watch far from home sadly",True
The worst spider man caractÃ¨re ever I hope Toby back,True
Why is the quality so bad,True
WHY THEY&#39;RE DESTROYING NEW YORK/USA BRUH?!,True
&quot;They&#39;re starting to come and I can&#39;t stop them&quot; - Sony and Marvel referring to the millions this masterpiece of a collaboration is churning for them...so gooood!,True
"Worst line ever written: &#39;Let&#39;s scooby doo this crap&#39; - Dr Strange (hold my beer) &#39;Let&#39;s scooby doo this crap, please.",True
its sad when you need iron man and now dr stranger to keep the suspense going.  Not as sad as windows vista.,True
Rotten Google/YouTube fascists. Why have a thumbs up/thumbs down feature and remove the numbers count?,True
"Look at how emotionally invested these mindless idiots and lazy thinking youngsters are in characters in a MOVIE and no longer wonder about &quot;student activists&quot; (courtesy of &quot;teachers&quot; in Marxist teachers unions) buying into this race and equity and diversity bullshit and proceeding to riot, loot and burn their way across a country.",True
This movie has made me to watch all the previous spider man movies! ğŸ˜,True
Doctor strange,True
I SWEAR TO GOD I WILL PUNCH SOMEONE IF MJ DIES FROM THE FALL LIKE IN THE PREVIOUS UNIVERSE,True
"Dr octopus stopped when he saw tom version peter <br>But for green goblin ,doesnâ€™t matter which universe spiderman is,he will try to kill him <br>The craziest villain Green goblin",True
The fact that this insane movie has made over 1 billion already is just incredible,True
"Aunt May is gonna die, and everyone will forget who Peter is. All 3 spidermans are gonna come in 1 universe and fight villians like electro, green goblin, sandman, Dr.otto etc...<br><br><br><br>Oh ye, spoiler alert",True
Man Stan Lee is looking down smiling at what his creation has become,True
they adlibbed when dr strange said let us scooby doo this crap he actually said shit in the film,True
"One thing I adore about this movie, is that they show the villains and how powerful, dangerous, and destructive they truly are. Especially with Disney and Sony budget upgrades.",True
This is by far the worst trailer in history. The movie was absolutely banging but... they revealed almost everything but the andrew and toby parts. I mean.. damn. So glad I ignored this trailer for the entire year before seeing the movie...,True
When I tell you I cried seeing Toby that shit made me nostalgic,True
This movie was horrible,True
Pointless movie,True
Goblin who want to destroy Peter Parker&#39;s girlfriends from every universe ğŸ˜‚ğŸ˜‚,True
it wa so disappointing- hated this movie iâ€™m so sad but itâ€™s the truth,True
Me seeing the trailer: Hm I hope we get 3 spider men<br><br>Me walking in to the theater: I am gettin hyped<br> <br>Me seeing the movie: ...HOLY CRAP WHAT THIS IS INSANE,True
The movie is not good at all rather very poor. Script is not at all exciting. Too much animation.<br>Very disappointed. Overall rating 2/10.,True
"So this is stupid. If all those villains and heroes can return, so can Iron man and blackwidow.",True
I wanna warch this so bad!!!!!!!,True
"Watched no way home today in 3d,I have to say: WORST SCI-FI MOVIE I HAVE EVER WATCHED. Thank you so much Marvel for wasting my money and time (not really cause you got your profit)",True
Such a boring movie.. dont waste ur time,True
still cant believe the green goblin killed tobey maguire shit was sad but anyway cool movie tho,True
I noticed one thing that in far from home when Peter was making new suit look behind the Peter there is spider-man 2099.,True
"movie was very enjoyable, sadly ending ruined due to something weird i want to see",True
Only venom is missing,True
Cinema exclusive sucks! I wish they&#39;d made it possible for people to be able to rent it in time of the premier. :( There&#39;s still a pandemic.,True
Can we all just admit that Tobey and Andrew being in this film was probably the worst kept secret in cinema history lmaooooo,True
"I&#39;m just addicted to this movie,",True
Worst Marvel movie thus far,True
"how do they make such huge action so very boring, its a real skill",True
It was completely a let down movieğŸ‘ğŸ‘ğŸ‘ğŸ‘,True
How it should have ended  -  doctor strange dies and ned takes his role,True
The Black One though! âœŠğŸ¿ğŸ˜‰,True
Looks shit â€¦ usual been done before script. Let me guess â€¦ he saves the world. They always do.,True
I saw this movie and I&#39;m not emotionally ok anymore!,True
NO I JUST WATCHED IN THE THEATRE AND IT WAS TOO SAD I CRIED,True
ahhhh i wanna watch it so badly but due to the covid rules in my country I have to wait at least another month,True
Just got back from watching movie still feeling sad now ğŸ˜”ğŸ˜”ğŸ˜”,True
Its just waste of time. It so ridiculous.,True
I like the fact that they deleted the other Peter Parkerâ€™s on the Statue of Liberty battle,True
"Its sad everyone forgot about mcu spider man, even the other two :(",True
"Imagine how badass the movie would have been, if there is no Facebook, no Memes, no early Rumours and also no Trailer.",True
I know this shit is fake as hell.. <br>Still I&#39;m excited to watch it... Holy crap,True
Expectation: â€œscooby doo this crap.â€<br>Reality: â€œscooby doo this $hit.â€,True
"â€œPeterâ€¦ youâ€™re struggling, to have everything you want, while the world tries to make you choose.â€ <br>Freaking chills",True
baby spidy not perfect character,True
DOC OC HASN&#39;T AGED ONE BIT ğŸ˜³ğŸ˜³,True
"since the infinity stones are gone, why does steven strange still wear the eye of kokimoto? what does he keep in it now? pez?",True
Terrible only because Zendayaâ€™s in it everything else looks great but why her she doesnâ€™t even fit the bill and sheâ€™s terrible I mean look at it,True
they tried SO hard to get rid of toby and Andrew from the trailer,True
Why not stream for a ticket price for those of us who can&#39;t go out due to Covid?,True
"<a href=""https://www.youtube.com/watch?v=JfVOs4VSpmA&amp;t=139"">2:19</a> hits hard after watching the movie",True
This is crazy,True
This movie is shit,True
At the end dr strange proved to be right and peter was wrong!!,True
There was just too much going on in this movie. And all of it was for nothing... you&#39;ll know what I mean if you saw the movie. I looked at my fiancÃ© after this ended and asked &quot;how did this get a 99% on Rotten Tomatoes? Are they paying for reviews now?&quot;,True
"I hated it.<br>Just a bunch of cobbled together action scenes and every character is now a politically correct reinvented version. <br>Congratulations to all the old actors who came back and whored themselves out for a paycheck (Uncle Ben would not approve).<br>They made a billion dollars but I hope the next one makes more sense and at least tries to resemble the actual comic book storyline.<br>Thankfully in the end it was all &quot;erased by magic&quot; and now we can forget it ever happened, even the 2 hours of our lives and $20 or so we spent going to see it.",True
"It would be my first time to go into cinema to watch a movie , and that movie is this masterpiece but become of corona , the cinema are closed just 1 day before , <br>It&#39;s really heart broken <br>Really f@cking heart broken<br><br>I don&#39;t have any friends to say this , so i comment here <br>F my luck",True
I&#39;m from Philippines ğŸ‡µğŸ‡­ right now it so sad that it still not available in theather this movie because they upload the filipino movie first the MMFF movie every december in our country and now nobody watching our filipino movie they want the No way home ahahahahaha ğŸ¤£ğŸ¤£ğŸ¤£,True
RIDICULOUS! RIDICULOUS!! RIDICULOUS!!! RIDICULOUSLY.....<br><br><br><br><br>FANTABULOUS!!!! Um...(Spider-Man isnâ€™t my fave Marvel character but)...<br>WHAT DID I JUST WATCH??ğŸ™ŒğŸ’•ğŸ‘,True
FINALLY i get to watch spiderman no way home on cinema less goo,True
You gotta be 9years old to like this shit,True
"Spoiler alert <br><br>In a scene, Dr. Strange kisses peter <br>and MJ suicides when she saw it <br><br><br><br><br><br><br><br><br>ğŸ˜‚ğŸ˜‚ğŸ˜‚",True
When we say crying - do we mean like &quot;End Game&quot; level crying? I&#39;m still pretty traumatized from uncontrollably weeping and sobbing at the end of &quot;End Game&quot; so I&#39;m not sure I&#39;m prepared for a repeat of that.,True
"Iâ€™m just thinking the next generation of spider man will have to deal with vulture, mysterio, lizard, doc octopus, green goblin basically every Spider-Man villain that the others fought against",True
Yoooo black spider man is here too,True
"<a href=""https://www.youtube.com/watch?v=JfVOs4VSpmA&amp;t=41"">0:41</a> &quot;from <b>every</b> universe&quot;... don&#39;t overreact Dr. Strange, those were only two universes.",True
I want to see J. Jonah Jameson meeting his other universe version!!,True
I feel like venom is missing in the trailer,True
man im still sad that everyone forgot about him,True
I WATCHED IT IT WAS CRAZY ğŸ˜,True
Aunt May will be missed :(,True
Looks like the worst spiderman film ever. Anyone want to front on me know that I&#39;ve been a fan of marvel for 50 years so im saying this film is a total piss take. Everything but the kitchen sink thrown in and tongue in cheek. Too lighthearted to feel any actual menace.,True
"The return of the previous villains, and it reminds me the old memories!",True
SCOOBY DOO THIS CRAP <br><br>Had me laughing ğŸ˜‚,True
I never thought this movie would get so dark,True
At this point half the view counts on the video are from me,True
i think i have a complete spiderman timeline now avengers civil war spider man 1: homecoming avengers:infinity wars spider man 2 :far from home spider man 3 :no way home spider man 4: lost way home spider man 5: no way out the homeless shelter  spider man 6: still at the homeless shelter spider man 7: lost at sea spider man 8: lost in the bermiuda triangle spider man 9: FORCES AGAINST CTHULU spider man 10: lost in the desert spider man 11:ITS A ME MARI- wait a minute this isnt the right world  spider man 12: GOTTA GO FA- OOPS WRONG UNIVERSE AGAIN spider man 13 :lost of hope spider man 14: no way back to sanity spider man 15: THE MURDERS spider man 16: back to sanity spider man 17:found way home,True
is trash already watch it no good borring nonsense movie,True
I am Fro Philippines ğŸ‡µğŸ‡­ The Movie Is Delay Until Jan 8 Which Is Sucks So Iam Gonna Watch The Trailer Over and over again To avoid Spoilers,True
This movie was basically the Avengers version of Spiderman where they combined everybody from the previous movies.,True
I just hate that they edited out Tobey and Andrew,True
Worst movie,True
Goblin and doc Op are lame.  They could of did a remake on there characters,True
I can literally feel how tough it would have been for Sony and Marvel to not let Tobey and Andrew out in any social or public event to promote for No way home unlike Dr.Octopus and Green goblin and guess what their effort of  keeping them as secret did complete justice in theatres.,True
"Bad argument, regular movie... nothing special. Just a film to watch AT HOME, not at cinema paying overrated prices...",True
can&#39;t believe people watch this shit,True
"I never figured out why Spider Man doesn&#39;t carry some weapon with RANGE, like a 20mm rifle firing armor piercing projectiles.<br>Hand to hand combat is STUPID when one could have a rifle that would take down an enemy at 1000 meters. Or even 25mm. He is strong enough to handle such a rifle.",True
I was supposed to watch this movie today but all of our cinemas closed down again due to lockdown :&#39;),True
These are so bad,True
"wow, this looks terrible.",True
