Comment,Is_Neutral
3 years ago,True
Spdier man I need your help,True
yo who here on Dec 17 2024,True
3 years agoâ€¦,True
Its been 3 years since this masterpiece releasedğŸ«¡,True
3 Years Today!!!! OMG It was such an event !!,True
2024?,True
"still remember, i just cried in front of my dad to watch this movie in cinema!!",True
Farewell Sony Spiderman Universe,True
3 years ago ğŸ˜¢,True
It was 3 years ago,True
SbhsheğŸ‰,True
"I still remember when this trailer was released 3 years ago, people in the comment section were all making their theory to prove that Andrew Garfield and Tobey Maguire are also in the movie !ğŸ˜‚Damn it&#39;s already 3 years",True
Spider-Man 4 Coming 2026,True
Almost been 3 years,True
"3 years ago I was in an online class and this droped,the next second itself I clicked thisğŸ˜‚",True
Who else in 2024,True
I am gonna leave this comment for my kids,True
Who is here after the movie,True
ğŸ˜®ğŸ˜®ğŸ˜®ğŸ˜®,True
Anybody on 2024ğŸ•Šï¸,True
Still gives me chills,True
"annnayun<br>yapacagÄ±nÄ±z filmi arif gayÄ±rnalÄ± adlÄ± sahÄ±s kotu kelimelerle karsÄ±ladÄ± ğŸ‘ğŸ‘ğŸ‘ğŸ‘ğŸ‘ğŸ˜ƒ<a href=""UCkszU2WH9gy1mb0dV-11UJg/1v50XorRJ8GQ8gTz_prwAg""></a>",True
3 years ago already?ğŸ˜¢,True
Imagine if it was Bully maguire version of Tobey&#39;s(black suit) that was dragged into the verse.<br><br> It would have been diabolical!,True
3 years no Spider-man movie ğŸ¥¹,True
Take me back ğŸ˜¢ğŸ˜¢,True
Heyâ€¦,True
Here in 2024,True
"After 3 years, the trailer still creates the same feeling in me",True
Who got this recommended?,True
I remember the hype in the tobey and andrew scene in the cinema,True
Anyone in 2024,True
"A I una cosa JesÃºs cristo los ama con amor Eterno y el viene pronto jeremÃ­as 31:3,Juan 3:16,revelaciones <a href=""https://www.youtube.com/watch?v=JfVOs4VSpmA&amp;t=1340"">22:20</a>ğŸ™ŒğŸ»ğŸ™ğŸ»â¤ï¸â€ğŸ”¥ğŸ•Šï¸",True
Anyone in 2024 ?,True
3 years have passed and it feels like it was yesterday...,True
Time flies man.,True
Hello Peter,True
Its been 3 years time flies wheres spider man 4,True
Remember when this trailer broke the internet?,True
AÃºn sigue siendo emocionante,True
3 years of no way home â¤,True
I imagine sonic 3 final trailer!!!!!,True
No way it&#39;s been 3 years already,True
3 years have gone by and yet this feels like yesterday! ğŸ˜¢â¤,True
3 years,True
Feels like yesterday ğŸ˜­,True
Someone needs to stop time <br>Man,True
MJ lowkey a baddie,True
Alguien?,True
3 Years,True
3 Years.....<br>I woke up at 3 AM just to watch this trailer ğŸ˜­,True
WHO COOKED WITH THIS SOUNDTRACK,True
Venom 4:New Reborn movie is officially releasing soon in 2026.,True
After 50 minutes â¤,True
"Damn, got recommended after almost 3 yrs. I miss the hype",True
Whos here after homecuming,True
Yo me uno<br><br><br><br><br>Jejej god,True
"Christmas is coming next month, so I figured Iâ€™d buy this movie on Vudu as my Christmas present",True
When Will This Materpiece Add On Disney+,True
eu adorei o homem aranha reagiu,True
GoodğŸ˜‚,True
"how man, i miss youâ€¦",True
It&#39;s almost 3 years ago..,True
"It would have been a masterpiece if they added bully maguire, venom or Rhino",True
Anyone in 2024???,True
Venom The Last Dance Is Out Now!,True
Marvel should have all rights to spider-man,True
Hype of Endgame âœ…<br>Hype of No Way Home âœ… ğŸ”¥,True
2024ğŸ™‹ğŸ™‹ğŸ™‹ğŸ™‹,True
2024,True
"Did anyone else forget Tobey and Andrew were NOT in the trailer while watching this, and then thought where are they?ğŸ˜‚ğŸ˜‚",True
Gwen falling dont saved andrew<br>Zendaya falling saved andrew,True
Hello,True
Spiderman ğŸ‰ğŸ‰ğŸ‰ğŸ‰ğŸ‰ğŸ‰,True
"<a href=""https://www.youtube.com/watch?v=JfVOs4VSpmA&amp;t=6"">0:06</a>",True
Biggest regret of not watching in theatres coz of COVID ğŸ˜¢,True
they hid the three spidermen well,True
God I miss this era ğŸ˜Šâ¤,True
"Canâ€™t wait for, <br>Spiderman: Forgotten Home!",True
Heidenreich Wall,True
"<a href=""https://www.youtube.com/watch?v=JfVOs4VSpmA&amp;t=100"">1:40</a> but thats bullshite, they dont all die fighting Spiderman. Sandman walks off into the sunset, Dr Connors ends up in prison. All the rest die, but not all.",True
Anyone here after Tony is casted after Dr doomğŸ˜…,True
"you just had to be there, from the trailer release to the movie itself... you just had to be there, 3 generation of spider man, didyouknowhowlongwevewaitedforthis?",True
Did this not come out in 2021,True
My god the acting so cringe  tf,True
Itâ€™s been 2 years ğŸ˜¢,True
the beast on the way to rome itay,True
Nobody is going to forget,True
Who is here after venom 3ğŸ”¥,True
Ø§Ø³ØªØºÙØ± Ø§Ù„Ù„Ù‡,True
"Holy yeah, I still cannot believe ts film is realğŸ˜­",True
"<a href=""https://www.youtube.com/watch?v=JfVOs4VSpmA&amp;t=8"">0:08</a>",True
2024,True
"<a href=""https://www.youtube.com/watch?v=JfVOs4VSpmA&amp;t=140"">2:20</a>",True
its been 2 years,True
Now Trailer 2<br>Sonic Movie 3 <br>November,True
"Making Miles Morales Spider-Man film in the Multiverse Saga Miles Morales&#39;s Spider-Man film in Tobey Maguire Spider-Man Universe in which Death of Tobey Spider-Man,Miles Morales Spider-Man Release After Avengers:Secret Wars &amp; Death of Tobey &amp; Andrew as mentor",True
What the heck the thumbnail for this was a Spider-Man with the venom symbiotie?????,True
Helga Mills,True
Why TVA not hear,True
Anyone here in September of 2024?,True
peak movie fr,True
"<a href=""https://www.youtube.com/watch?v=JfVOs4VSpmA&amp;t=150"">2:30</a> goss bumps her falling ğŸ˜¢",True
THEE SpiderMan movie,True
spider-man 4 o filme captain marvel,True
filme spider-man 3 no way homeğŸ˜€,True
I miss the era ğŸ¥º,True
The hype this movie had though,True
2024,True
Scooby Do (EscÃºchame),True
Lee Larry Martin Elizabeth White Cynthia,True
This was when the endgame hype came back,True
"<a href=""https://www.youtube.com/watch?v=JfVOs4VSpmA&amp;t=134"">2:14</a> - <a href=""https://www.youtube.com/watch?v=JfVOs4VSpmA&amp;t=140"">2:20</a>",True
I miss this movie hype,True
Future  generations  won&#39;t  understand  thr excitment this movie gave us,True
Deadpool &amp; Wolverine &gt;,True
Alguien en 2024?,True
ğŸ˜ğŸ˜ğŸ˜,True
2024 anyone?,True
Anyone watching this after it was announced Robert Downey Jr. is Dr. Doom?,True
Goblin voice â¤ï¸,True
"<a href=""https://www.youtube.com/watch?v=JfVOs4VSpmA&amp;t=134"">2:14</a>",True
This is one of them â€œ you had to be thereâ€ moments!,True
1st day 1st show dekhne ka ghamand h,True
been a while,True
The hype for this movie was justâ€¦oml the theaters was just everywhere imma say that rnâ€¦,True
HeyğŸ«¶ğŸ”¥,True
Anyone after knowing RDJ as Dr. DOOM ?!?,True
2.37 goosebumps,True
this movie was a banger,True
Just came back to experience the hype ğŸ˜‚â¤ again,True
2 years...,True
"<a href=""https://www.youtube.com/watch?v=JfVOs4VSpmA&amp;t=30"">0:30</a> <a href=""https://www.youtube.com/watch?v=JfVOs4VSpmA&amp;t=60"">1:00</a> <a href=""https://www.youtube.com/watch?v=JfVOs4VSpmA&amp;t=90"">1:30</a> <a href=""https://www.youtube.com/watch?v=JfVOs4VSpmA&amp;t=120"">2:00</a> <a href=""https://www.youtube.com/watch?v=JfVOs4VSpmA&amp;t=150"">2:30</a> <a href=""https://www.youtube.com/watch?v=JfVOs4VSpmA&amp;t=180"">3:00</a>",True
you just had to be there..,True
Istg the amount of hype bro,True
August 2024 gang here,True
Still gait goosebumps,True
2024 anyone?,True
Hi,True
Who&#39;s here in 2025?,True
2 years ago everyone waited to see 3 Spiderman in 1 flim ğŸ˜‚ğŸ˜‚ğŸ˜‚,True
Nostalgia,True
â¤â¤â¤â¤â¤,True
what a movie,True
this was the last movie i saw in a cinema XD,True
Whoâ€™s here after Deadpool and Wolverine,True
Anyone after Deadpool 3 ?,True
Anyone from 2024? â¤,True
Cant believe they dropped this 1 month before the movie came out,True
"<a href=""https://www.youtube.com/watch?v=JfVOs4VSpmA&amp;t=148"">2:28</a> ğŸ˜¢â¤",True
ANYONE IN 2024 ???? <br>ğŸ‘‡,True
Anyone here 2026?,True
Heyy,True
Deadpool &amp; Wolverine releasing tomorrow,True
Anyone in 2024?,True
Bhai teri hight badhegi Ki NahinğŸ˜¢,True
There is tobey and andrew in this movie,True
"watching this in 2024 and realizing this is what marvel was, this is the marvel we lost",True
Who else got recommended by this again ?,True
à¸‰à¸±à¸™à¸œà¸´à¸”à¸«à¸§à¸±à¸‡à¸à¸±à¸šà¸ à¸²à¸„à¸™à¸µà¹‰ à¹‚à¸—à¸šà¸µà¹‰à¸à¸±à¸šà¹à¸­à¸™à¸”à¸£à¸¹à¸§à¹Œà¸­à¸­à¸à¸•à¸­à¸™à¸—à¹‰à¸²à¸¢à¹† à¹à¸¥à¹‰à¸§à¹‚à¸—à¸šà¸µà¹‰à¹€à¸›à¹‡à¸™à¸ªà¹„à¸›à¹€à¸”à¸­à¸£à¹Œà¹à¸¡à¸™3 à¸«à¸™à¸±à¸‡à¹€à¸„à¹‰à¸²à¸­à¸­à¸à¸¡à¸²à¸à¹ˆà¸­à¸™à¸«à¸™à¸±à¸‡à¹€à¸„à¹‰à¸²à¸—à¸³à¸­à¸­à¸à¸¡à¸²à¸„à¸·à¸­à¸Šà¸­à¸šà¸—à¸±à¹‰à¸‡à¹‚à¸—à¸šà¸µà¹‰à¹à¸¥à¸°à¹à¸­à¸™à¸”à¸£à¸¹à¸§à¹Œà¸šà¸—à¹„à¸¡à¹ˆà¹€à¸”à¹ˆà¸™à¹€à¸¥à¸¢à¸­à¸¢à¹ˆà¸²à¹€à¸­à¸²à¸¡à¸²à¸£à¸§à¸¡à¸à¸±à¸™à¸­à¸µà¸<br>à¸à¸§à¸à¸„à¸¸à¸“à¹€à¸­à¸²à¸ªà¹„à¸›à¹€à¸”à¸­à¸£à¹Œà¹à¸¡à¸™à¸¡à¸²à¹‚à¸”à¸™à¹à¸—à¸‡<br>à¹à¸Ÿà¸™à¸«à¸™à¸±à¸‡à¸£à¸±à¸šà¹„à¸¡à¹ˆà¹„à¸”à¹‰,True
Now I get it hype on 60Â´s for Star Wars...,True
Someone in 2024,True
"<a href=""UCkszU2WH9gy1mb0dV-11UJg/hcMfY5_zAbbxvwKLooCoCA""></a><a href=""UCkszU2WH9gy1mb0dV-11UJg/hcMfY5_zAbbxvwKLooCoCA""></a><a href=""UCkszU2WH9gy1mb0dV-11UJg/hcMfY5_zAbbxvwKLooCoCA""></a><a href=""UCkszU2WH9gy1mb0dV-11UJg/hcMfY5_zAbbxvwKLooCoCA""></a><a href=""UCkszU2WH9gy1mb0dV-11UJg/hcMfY5_zAbbxvwKLooCoCA""></a><a href=""UCkszU2WH9gy1mb0dV-11UJg/hcMfY5_zAbbxvwKLooCoCA""></a><a href=""UCkszU2WH9gy1mb0dV-11UJg/hcMfY5_zAbbxvwKLooCoCA""></a><a href=""UCkszU2WH9gy1mb0dV-11UJg/hcMfY5_zAbbxvwKLooCoCA""></a><a href=""UCkszU2WH9gy1mb0dV-11UJg/hcMfY5_zAbbxvwKLooCoCA""></a><a href=""UCkszU2WH9gy1mb0dV-11UJg/hcMfY5_zAbbxvwKLooCoCA""></a><a href=""UCkszU2WH9gy1mb0dV-11UJg/hcMfY5_zAbbxvwKLooCoCA""></a><a href=""UCkszU2WH9gy1mb0dV-11UJg/hcMfY5_zAbbxvwKLooCoCA""></a><a href=""UCkszU2WH9gy1mb0dV-11UJg/hcMfY5_zAbbxvwKLooCoCA""></a><a href=""UCkszU2WH9gy1mb0dV-11UJg/hcMfY5_zAbbxvwKLooCoCA""></a><a href=""UCkszU2WH9gy1mb0dV-11UJg/hcMfY5_zAbbxvwKLooCoCA""></a>",True
Goosebumps,True
MJ: <b>*falls*</b><br>Tom: <b>Jumps</b><br>Andrew: <b>Jumps</b><br>Tobey: &quot;I missed the part where that&#39;s my problem&quot;,True
We are in the layers,True
Kon kon 2024 me aaya hai like hereâ¤â¤â¤,True
â¤â¤â¤,True
"Only one peter parker is here haa,, marvel @ sony making us fool ğŸ˜…ğŸ˜…",True
"who is watching this on 2024, 7th of july",True
horseshit,True
This is the truly &quot;u had to be there&quot;,True
In the movie he says shitğŸ˜‚ğŸ˜‚ğŸ˜‚,True
Who has come here after 2 years of this movie ğŸ¥ release.<br> ğŸ‘‡,True
I still can&#39;t Forget how hype I was when this movie was realised.,True
Whoâ€™s here July 2024,True
The end of Spider-Man ???,True
When another Spider Man movie comes out I want the final battle to be all 3 actors of Spider Man Vs Venom &amp; Carnage,True
Whole trailer one side and Green Goblin line on another,True
This movie was so big 2 years ago EVERYONE was hyped future generations will never understand that,True
Those who are watching in 2024...ğŸ‰â¤,True
Rompio internet esto en su momento,True
2024 ?,True
This was 2 years ago,True
Who&#39;s here in 2024?,True
Spider Man Monday has been the highlight of the summer box office.,True
Make tasm 3,True
They copied this multiverse idea from into the spider verse,True
The suspense,True
cant wait for this ğŸ˜,True
the line,True
I had to tell you,True
Anyone here in 2024,True
"Watching in 2024 , just Same vibs  ğŸ”¥",True
bro stop,True
2024,True
Where is venom ?,True
ğŸ˜®ğŸ˜®ğŸ˜®,True
Take me back to this hype ğŸ¥ºğŸ¥º,True
kendimi 2021&#39;e fragmanlarÄ± heyecanla beklediÄŸim gÃ¼nlerde gibi hissettim,True
three years from a post credit scene and now everyone forgot this movie,True
YouTube recommended me this trailer today .<br>What a hopeful movie it was...!! â¤,True
Iâ€™m gonna make my kids Hardcore Spider-Man Fans n will make em wait for years to watch it in the same sequence they were released in. â¤,True
I MISS THIS MOVIE SO MUCHâ¤,True
"Watched the movie, still here ğŸ˜‚ğŸ˜‚",True
03.04.2024ğŸ˜¢â¤,True
2024?,True
helloğŸ˜Š,True
.,True
â¤â¤â¤,True
I want this time back,True
i just watch ts sometimes to feel something,True
Nostalgia bait movie and y&#39;all ate it,True
"The movie gave me what I always wanted as a kid, all the Spider-Men coming together in the end.",True
this trailer still give me goosebumps 2024,True
My kids wonâ€™t understand the hype that was around this trailer,True
Who is see this in 2024  ğŸ˜…,True
Still gives me chills everytime I watch it even after 2 years,True
We also of course need madame&#39;s web,True
Spider-Man ğŸ‘‘,True
I like Spider-Man,True
Ğ¼Ñ‹Ğ½Ğ°Ñƒ Ğ¼ĞµĞ¹Ñ€Ğ°Ğ¼Ğ±ĞµĞº Ğ±ĞµÑĞ¿Ğ°ĞµĞ² Ò›Ğ¾Ğ¹ ĞµĞ±Ğ°Ğ°Ğ°Ğ°,True
Waiting for 4,True
2024?,True
"At <a href=""https://www.youtube.com/watch?v=JfVOs4VSpmA&amp;t=138"">2:18</a> and <a href=""https://www.youtube.com/watch?v=JfVOs4VSpmA&amp;t=141"">2:21</a> They literally chopped out andrew and tobey from their scenes in the trailer to not give spoilers ğŸ˜‚ğŸ˜‚",True
Gosh I wish I can go back in time and experience this again in THEATERS ğŸ˜­,True
"Kids nowadays can never understand how much hype this had. Like everyday we were getting theories... Damn, I kinda miss those days",True
"<a href=""https://www.youtube.com/watch?v=JfVOs4VSpmA&amp;t=111"">1:51</a> â¤",True
It&#39;s happens 3 years ago ğŸ˜¢,True
7 April 2024 saw thiâ¤,True
Came back for the comments,True
Avoided to use internet for 2 days to see the movie without a spoiler suck a hype ! â¤,True
ğŸ‘ğŸ‘ğŸ‘,True
A trailer with zero spoiler,True
Phim nhÆ° c hay vl,True
I wonder why Harry Osborn from the Raimiverse isn&#39;t in here...he died knowing Parker was Spider-Man,True
"I wish we were getting Spider-Man 4 this year, but weâ€™re not gonna get any Spider-Man movies this year anyway which sucksğŸ’€ğŸ’€ğŸ’€ğŸ˜­",True
"you are not peter,the future generations cant understand",True
Canâ€™t believe itâ€™s been 2 years ğŸ˜¢,True
"Boa noite, vim aqui dizer que sÃ³ o amor de Deus pode preencher nosso vazio. SÃ³ falem com Ele",True
tÃ¼rk var mÄ± ben varÄ±m da ğŸ˜‚,True
"no way, it&#39;s home",True
I hope future peter meet ursula and maried,True
From all this time I watched this trailer I learned every part of what they said,True
2021 felt like yesterday,True
Did anybody notice the glitch on the part that after may died and both Peter&#39;s going to his school roof top to support him the moment after they jumped and landed you can see the fake placement,True
Bro i am watching this trailer after movie and there was no clue for all three spiderman in the movie,True
"I remember going to see it the night it came out. I went to school the next day and threatened my class with spoilersâ€¦suffice to say, they didnâ€™t act up!",True
I havent seen this yet,True
Watching this on 2024ğŸ”¥,True
ğŸ˜¢ğŸ˜®ğŸ˜®ğŸ˜®,True
â˜ï¸,True
"<a href=""https://www.youtube.com/watch?v=JfVOs4VSpmA&amp;t=96"">1:36</a>",True
I was sobbing when Mj fell I kept looking her up to see if she was booked after this cause I HAD NO CLUE GWEN WAS GONNA ğŸ˜¢,True
2024â¤â¤,True
Is 2 years,True
ayoo tobey and andrew werent in the trailerr!!,True
Andrew Garfield â¤,True
The.  I.  I want that movie called Disney+ the Spider-Man movie no way home please,True
Dkf,True
Who is here in 2024. And feel nostalgia.,True
Lets gooo,True
Already over 2 years agoâ€¦ damn,True
ğŸ‰ğŸ‰ğŸ‰â¤ğŸ‰ğŸ‰ğŸ‰ğŸ‰,True
2024 ???,True
It was alright.,True
Some people didnâ€™t Experience this on day 1 release with the cinema being hyped to see tobey and Andrew,True
"<a href=""https://www.youtube.com/watch?v=JfVOs4VSpmA&amp;t=115"">1:55</a> &quot;You&#39;ll never take this away from me&quot; âš¡ğŸ˜¤ğŸ’ªğŸ¼",True
â¤â¤ 1/29/24,True
so what happens when this peter meets his universe&#39;s otto octavious?,True
everyone remembers where they were...,True
How has it been 2 years already?!!! ğŸ˜³,True
Can&#39;t believe this was 2 years ago....still remember it like it was yesterday....,True
miss the moment,True
.,True
"<a href=""https://www.youtube.com/watch?v=JfVOs4VSpmA&amp;t=120"">2:00</a>",True
"<a href=""https://www.youtube.com/watch?v=JfVOs4VSpmA&amp;t=154"">2:34</a> music ğŸ”¥ğŸ”¥ğŸ”¥ğŸ”¥ğŸ”¥ğŸ”¥ğŸ”¥",True
hello,True
iâ€™ll never forget seeing this in theatres ugh,True
MÃ¼kemmel bir fragman,True
baya iyi bir filmdi tekrar tekrar izlesemde aynÄ± heyecanÄ± veriyor,True
MÃ¼kemmel film ve sinama,True
Aksiyon dolu Ã§Ä±lgÄ±n bi film izlenir,True
Ã‡ok gÃ¼zel bir filmdi Ã§ok beÄŸendim.,True
Gayet baÅŸarÄ±lÄ± tebrik ederim sizi,True
ğŸ˜…. SÃ¼perrrr gÃ¶rseller Ã§ok iyi deÄŸil mi ? ğŸ‰,True
SÃ¼per flim izlemeye deÄŸer,True
Harika bir sinema keyfi,True
O kadar iyi bir fragnam olmuÅŸ ki iÅŸi gÃ¼cÃ¼ bÄ±rakÄ±p izlemek geldi iÃ§imden ğŸ˜,True
After watching this movie<br>I&#39;m thinking that Andrew&#39;s Spiderman will start dating ZendayağŸ˜ğŸ˜š and tom will become venom man.ğŸ‘¿ğŸ˜‚,True
SÃ¼permen filminin en gÃ¼zel serilerinden biri herkese tavsiye ederimâ¤â¤â¤â¤â¤,True
BayÄ±ldÄ±m gerÃ§ekten,True
Yerli,True
Ä°smin yÃ¼celiÄŸi,True
ğŸ˜®ğŸ˜®ğŸ˜®,True
izlemenizi tavsiye ederim,True
harika,True
MÃ¼kemmelâ™¥ï¸â™¥ï¸â™¥ï¸,True
Ã‡ok iyi bir animasyon filmi severek izledim,True
Ã‡ok gÃ¼zel gerÃ§ektenğŸ‰,True
Ä°zlemeye deÄŸer bir film herkese tavsiye ederim,True
Tobeyi bekliyorum umarÄ±m gelirr,True
SinemanÄ±n hakkÄ±nÄ± vermiÅŸler gercekten cok iyi  emeÄŸi gecen herkese teÅŸekkÃ¼rler herkese izlemesini tavsiye ederim,True
Marvel serileri harikağŸ˜,True
Ne filmdi ama grafikler harika nasÄ±l zaman geÃ§ti anlamadÄ±m,True
SÃ¼per,True
Cok guzel cekmissin basarilar dilerim....,True
Ä°zlediÄŸim en iyi Spiderman filmiydi tebrikler,True
Spiderman serisinin en iyi filmlerinden biriydi,True
SÃ¼perrrrr,True
Herzaman Ã¶rÃ¼mcek Adam&#39;Ä±n filmlerini sabÄ±rsÄ±slÄ±kla izliyorum. Bu film nefes kesici. Ve Ã¶rÃ¼mcek adamÄ±n karÅŸÄ±sÄ±na zorlu rakiplerin karÅŸÄ±sÄ±nda nasÄ±l kazandÄ±ÄŸÄ±nÄ± gÃ¶rmek harika bir duygu,True
gercekten mukemmel,True
Ã‡ok gÃ¼zel bir film izleyin kesinlikle,True
HayranÄ± olduÄŸum kahramanÄ±n gÃ¼zel ve sÃ¼rÃ¼kleyici bir filmi daha â¤â¤,True
MÃ¼kemmel heycan vericiydi,True
Spiderman Ã§ok severim 30 35 kere izlediÄŸim iÃ§in Ã§oÄŸu sahnesini biliyorum herkese tavsiye ederim â¤,True
Bu Ã§ok gÃ¼zel.Ã‡ok beÄŸendim.BayÄ±ldÄ±m.,True
Ã‡ok heyecean verici bir filme benziyor,True
trailer still gives me chillss,True
Guzel film tebrikler ğŸ˜Š,True
GerÃ§ekten mÃ¼kemmel Ã¶tesinde bir flim olmuÅŸ,True
Cok etkileyici bir film bayildimm,True
Spiderman serisinin aksiyon dolu bir bÃ¶lÃ¼mÃ¼,True
Bu Ã§ok gÃ¼zel ve bunu Ã§ok seviyorumâ¤â¤â¤â¤,True
SÃ¼per,True
Ã§ok iyi filmm,True
Ã§ocukluÄŸumun aksiyonu nu yaÅŸadÄ±m,True
MuhteÅŸem Ã¶tesi bir film mutlaka izleyin,True
MÃ¼kemmel film,True
Ã§ocukluÄŸumun aksiyonu mu tekrar yaÅŸÄ±yorum,True
Film harika bayÄ±ldÄ±m mÃ¼kemmel,True
Spiderman serisinin en Ã§Ä±lgÄ±nÄ±.,True
Cok begendim mutlaka izleyin arkadaslar,True
Ã§ok iyi bir film harika ambiyansa sahip.,True
Bu filmi izleyin izlettirin muazzam harika Ã¶tesi bir film,True
SÃ¼per bir film herkese tavsiye ederim,True
ğŸ‘ğŸ‘ğŸ‘ğŸ‘ğŸ‘,True
baya iyi lan Ã§okk beÄŸendim tavsiye ederim,True
Harika bir film Ã–rÃ¼mcek Adam&#39;a bayÄ±lÄ±yorum,True
On numara beÅŸ yÄ±ldÄ±z tad alarak izlenir,True
GerÃ§ekten etkileyici izlenmelii heyecen verici ğŸ‰ğŸ‰,True
Ã‡ok gÃ¼zel,True
"Film, Marvel tarihinin en iyi filmi olabilir. Kesinlikle izleyin derim.",True
TÃ¼m seriyi ailecek seve seve izledik,True
BeÄŸenerek izledim,True
Efsane bu filiim  tekrar tekrar izliyoruz ...,True
MuhteÅŸem Bi film tekrar tekrar izlenir,True
Ã‡ok iyi sÃ¼per,True
Bu adamlar gerÃ§ekten film Ã§evirmeyi biliyor Ã§ok harika bir film daha geliyor bence herkes,True
Ã‡ocukluÄŸumdan beri izliyorum bu gerÃ§ekten Ã§ok gÃ¼zel olmuÅŸ,True
SÃ¼per ğŸ‰,True
Ã–rÃ¼mcek adam  son Ã§Ä±kan filmi doktor satrenc katÄ±lmÄ±yla Ã§ok gÃ¼zel bir flim olmuÅŸ seyretmenizi tavsiye ederim,True
Harika bir film mutlaka izleyinnnğŸ‰ğŸ‰ğŸ‰,True
I can&#39;t wait to watch the movie ğŸ‰ Does anyone want to share spoilers?,True
Marvel yine harikalar yaratmÄ±ÅŸ. Ã‡ok gÃ¼zel.,True
Harika,True
"Bir yÄ±l geÃ§tiÄŸine inanmÄ±yorum, bu film bir harikaydÄ±. KeÅŸke geriye dÃ¶nÃ¼p ilk kez tekrar izleyebilsem",True
Efsane etkileyici bir film olmuÅŸ tebrik ederim,True
Her zaman zevkle keyifle tekrar tekrar izliyorum,True
Her zaman aklÄ±nÄ±zda olacak bir harika bir film ğŸ•·ï¸ğŸ•¸ï¸â¤,True
The future generations arenâ€™t gonna understand how hype this movie was,True
Ä°zlemekten asla bikmadigim efsane bir yapim,True
Cok guzel,True
Ã‡ok gÃ¼zel film hayat bir baÅŸarÄ±dÄ±r aksiyon mÃ¼kemmel,True
HiÃ§ bu kadar hÄ±zlÄ± patlayan bir karavan gÃ¶rmemiÅŸtim,True
MÃ¼kemmel Ã¶tesi bir film hayatÄ±n boyunca izlediÄŸim Number One diyebileceÄŸim tek filmdir,True
Ã‡ocukluÄŸumdan beri en Ã§ok izlediÄŸim bir film serisi Ã¶ncekiler gibi sÃ¼rÃ¼kleyici bir hikÃ¢ye,True
Ã‡ok baÅŸarÄ±lÄ±  filim izlemenizi tavsiye ederim,True
Ã‡ok iy,True
Ã‡ok hoÅŸ,True
Bu filim harika herkesin izleyip kacirmamasini. Siddetle tavsiye ediyorum,True
MÃ¼kemmel ğŸ‘Œ,True
Ã‡ok gÃ¼zel film baÅŸtan sona izlemenizi Ã¶neririm,True
SÃ¼per â¤,True
Ã‡ok gÃ¼zel Ã§ok beÄŸendim Ã§ok baÅŸarÄ±lÄ±,True
Herzamanki gibi ekranlara kilitleneceÄŸizâ¤â¤â¤â¤,True
Oglumla severek izliyoz,True
Ã‡ok iyi bir filmğŸ˜®,True
Son zamanlarda izlediÄŸim en iyi film,True
Ã‡Ä±k gÃ¼zel bir film izlemenizi tavsiye ederim,True
You are  not peter,True
GerÃ§ekten abartÄ±lÄ±cak bir film her seferinde yeniden izliyoruÅŸum gibi hissediyorum ğŸ˜ŠğŸ˜Š,True
GÃ¼zel bir bilim kurgu filmi<br>MÃ¼kemmel,True
Ã‡ok gÃ¼zel efektleri hayran kaldÄ±m emeÄŸi geÃ§enlere teÅŸekkÃ¼rler,True
Harika bir film gerÃ§ekten Ã§ok keyif alarak izledim,True
TÃ¼m zamanlarÄ±n en iyi filmi gerÃ§ekten harika,True
ArkadaÅŸlarÄ±nla izlenicek sÃ¼rÃ¼kleyi ve gÃ¼zel bir film izlemenizi tercih ederimğŸ‰,True
YÄ±llar Ã¶nce izlediÄŸim akÄ±cÄ± bir film izlemenizi Ã¶neririm,True
Kesinlikle tavsiye ediyorum Ã§ok gÃ¼zel bir film,True
Coming here almost eight monts after the trailer dropped stil get chills watching it. I wish we could relive the hype,True
MÃ¼kemmel mÃ¼kemmel mÃ¼kemmel â¤â¤,True
Ã‡ok sÃ¼rÃ¼kleyici eÄŸlenceli,True
ğŸ˜®ğŸ˜®ğŸ˜®,True
Aksiyon dolu profesyonel Ã§ekim efsane bir film olmuÅŸ emeÄŸi geÃ§en herkesin eline saÄŸlÄ±k ğŸ‘Œ,True
Tavsiye ederim,True
GerÃ§ekten izlenmeye deÄŸer efsane bir film bizi bekliyor ğŸ˜Š,True
Ã‡ok heyecanlÄ± izlenmeli bÄ±r film,True
Son zamanlarda ki en iyi film,True
ğŸ‰ğŸ‰ğŸ‰ basarilarrr,True
Ã‡ok iyi gÃ¶rsel bir ÅŸÃ¶lendi,True
Bu film beklemeye deÄŸerdi ğŸ‘ğŸ‘,True
Harika bir film tavsiye ederim,True
Bu filme hayran kalan bir ben olamam ğŸ‰,True
Enteresan Ã§ok iyi,True
Vav bayildim<br>Aksiyon korku hepsi bir arada,True
FragmanÄ±nÄ± bile tekrar tekrar izlemek Ã§ok heyecanlÄ± muhteÅŸem otesi,True
Kral dÃ¶nÃ¼yor. Ä°zlemedim ama bugun izlemeyi iyiden iyiye dÃ¼ÅŸÃ¼nÃ¼yorum. BakwlÄ±m nasÄ±l film,True
MÃ¼kemmel emeÄŸi geÃ§en herkese teÅŸekkÃ¼rler ğŸ˜ŠğŸ˜Š,True
Ã§ok iyi film marvel bu iÅŸi yapÄ±yor.,True
Her serisi dahada gÃ¼zel ve iyi,True
SÃ¼per heyecan verici,True
Ã‡ok gÃ¼zel bir filmdi yapÄ±mcÄ±ya Ã§ok teÅŸekkÃ¼rler,True
Bu filmin heyecanÄ± Ã§Ä±lgÄ±ncaydÄ±.,True
ğŸ‰ğŸ‰ğŸ‰ğŸ‰,True
GerÃ§ekten muazzam bir video bÃ¼yÃ¼leyici,True
SÃ¼rÃ¼kleyici bir film,True
"Fantastik, eÄŸlenceli ve etkileyici.",True
Mukemmel,True
Ã‡ok sÃ¼rÃ¼kleyici bir filmdi zamanÄ±n nasÄ±l geÃ§tiÄŸini anlamadÄ±m.,True
GÃ¼zel bir film olmuÅŸ beÄŸendim doÄŸrusu.,True
Harika bir film kesinlikle tavsiye ederim,True
Hello Peter ğŸ˜Š,True
Ã‡ok iyi film bayÄ±ldÄ±m,True
Spiderman yine harika gÃ¶rsel efektlere sahip bir film daha teÅŸekkÃ¼rler Marvel,True
BayÄ±ldÄ±m resmen ÅŸimdiden merak ettim ğŸ˜‡ğŸ¤ª,True
MuhteÅŸem,True
Bro llore like si lloraste,True
Hello Peter,True
2024 anyone ?? ğŸ˜®â€ğŸ’¨,True
I would give anything to experience the unreal hype for this movie again. Can&#39;t believe this came out two years ago.,True
ğŸ•·ğŸ•¸ï¸,True
"&quot;Yeah so just have Jamie Foxx, as Electro, say nothing of value. Tell him to be upset that Peter Parker isn&#39;t black&quot;",True
Whos here on 1st January 2024?,True
Can&#39;t believe it&#39;s been 2 years...,True
Iâ€™m buggin or sum I thought this movie came out in 2022,True
"That December,my godd..i have watched this no. Of timess but still â¤â¤end of movie,will bring you cry",True
Time flies,True
The ending of the trailer had is all HYPE!!,True
I would do anything to go back and watch this movie with my friends,True
Quisiera volver a esos tiempos,True
Ya 2 aÃ±os que se cumpliÃ³ el sueÃ±o de varios (me incluyo) ninguna otra pelicula de marvel lograrÃ¡ el hype autentico que nos dio esta pelicula (quiza deadpool 2),True
"<a href=""https://www.youtube.com/watch?v=JfVOs4VSpmA&amp;t=151"">2:31</a> <a href=""https://www.youtube.com/watch?v=JfVOs4VSpmA&amp;t=152"">2:32</a> <a href=""https://www.youtube.com/watch?v=JfVOs4VSpmA&amp;t=153"">2:33</a>",True
MASTERPIECE ( MCU + SPIDERMAN = 1000/10 ),True
I miss this era,True
The hootings in the halls begins,True
Legend komic,True
Time goes....,True
Here after the movie completed its 2 years anniversary. Time flies...,True
You are not peter parker<br>Sold me,True
Movie name ??,True
2 years ago today ğŸ˜¢ time flys,True
Itâ€™s been 2 yearsâ€¦â€¦,True
2 years later... ğŸ‰,True
On this day 2 years ago we witnessed a masterpiece,True
Two years ago today this miracle happenedğŸ™‚â¤ï¸â€ğŸ©¹,True
2 years ago.,True
I wish i had a time machine ğŸ« ,True
I miss that feeling,True
"It&#39;s been 2 years... â¤, even today also i can feel the hype which it had at that time.",True
Dois anos atrÃ¡s.,True
â¤,True
I miss the hype,True
Amazing.Just.Wow.Itâ€™s been two yearsâ€¦â€¦,True
Where the time go...,True
Selalu terkenangğŸ‰,True
It&#39;s been 2 years,True
"It&#39;s been 2 years since the trailer was released, and I remember trying not to fall asleep at night so as not to miss it and woke up at about 6 a.m. and watched it.",True
"AquÃ­ todos los latinos que despuÃ©s de casi dos aÃ±os del estreno de esta joya, volvemos a ver este jodido trÃ¡iler y nos sigue emocionando bien kbron. â™¥ï¸",True
Ğ¯ Ğ°Ğ²Ñ‚Ğ¾Ğ±Ğ¾Ñ‚ Ğ¾Ğ¿Ñ‚Ñ–Ğ¼ÑƒÑ ÑĞºĞ°Ğ¹ÑƒĞ¾ĞºĞµÑ€,True
This era in my life will never be topped,True
Trailer STILL gives me chills,True
"<a href=""https://www.youtube.com/watch?v=JfVOs4VSpmA&amp;t=148"">2:28</a>",True
"The popularity veiws were in the brazillions,its a fact and a pun",True
2 Years Ago Dam,True
they cut the parts with all three spider-man out,True
Mid,True
Yo me vi esa pelÃ­cula con mi madre y hermanos â¤,True
2 years passed without a spidey film,True
Andrew Garfield was across the street at the Paris Theater in NYC promoting Tic Tic Boom when this trailer dropped.,True
Next movie must be &#39;Spider-Man Homeless&#39;ğŸ˜‚ğŸ˜‚ğŸ˜‚ğŸ˜‚,True
Anyone watching in 2023?,True
NWH hype &gt;,True
I literally woke up in the midle of the night to watch the trailer ğŸ˜‚,True
2 YRS!!!!,True
Sempre vou ser grato por ter nascido pra ver esse filme acontecer,True
Can&#39;t believe it&#39;s 2 years now,True
2 years....,True
"Damn, 2 years now?",True
2 years after this trailer... Feels like yesterday,True
Ya 2 AÃ±os Que Rapido Pasa el tiempoâ¤,True
I have no idea why but after 2 years i am back here ğŸ˜‚,True
2 years...,True
Here I am at 2 year at that trailer,True
2 years,True
2 years already,True
2yrs for this ğŸ’¥ğŸ’¥ğŸ¤ŒğŸ¤ŒğŸ¤Œ,True
Two years ago today was when I felt the ultimate hype for this movie,True
TWO YEARSSSS,True
2 aÃ±os de tremendas pajas mentales que la mayorÃ­a fueron acertadas,True
I miss the hype it was GENERATIONAL,True
Bro idk how I knew this trailer came out 2 years ago. Woke up and I was like wasnâ€™t the no way trailer dropped today in 2021. Crazyyyâ€¦.. ğŸ˜‚ğŸ˜‚ğŸ˜‚ğŸ˜‚,True
One year later and this stills giving me chills,True
i want this movie once again in theaters,True
Bro I cannot wait for this to come out next month,True
WowğŸ˜ğŸ˜ğŸ˜,True
Will never get over hearing Goblins voice and just chills!!!!,True
this trailer still give me goosebumps even after a year of the movie out,True
"<a href=""https://www.youtube.com/watch?v=JfVOs4VSpmA&amp;t=74"">1:14</a>",True
The beginning is boooring,True
What soundtrack is?,True
AS salaam ğŸ‘ğŸ”¥ğŸ‘,True
AL Jabbar ğŸ‘ğŸ”¥ğŸ‘,True
"<a href=""https://www.youtube.com/watch?v=JfVOs4VSpmA&amp;t=99"">1:39</a>",True
I remember watching this with my friends at the cinemaâ€¦ what a day to remember,True
What an experience i had with this movie!!!,True
Itâ€™s crazy how i completely missed hearing about this movie.  I wonder why they didnâ€™t do a better job at marketing it and hyping it up,True
It all went downhill from here,True
"Seeing this in theatres was an experience. This trailer was hype, but the film itself surpassed it by leaps and bounds.",True
Leo movie trailer hits 3M likes just 7 days,True
This movie&#39;s hype will always be next to Endgame,True
Trash movie made for kids.,True
There&#39;s never gonna be another infinty war craze <br><br>And then they drop this heat.,True
After 2 years anyone watching this trialer? This trailer still getting goosebumps ğŸ¤¯ğŸ¤©,True
No way home was a 9/10 movie  i think tobey and andrew could had moree scenes,True
this movie cemented my dislike to the Peter Parker that Tom Holland portraits and the MJ in the same universe.<br>I personally prefer the portrayals of Andrew Garfield and Tobey Maguire.,True
I wanna experience this in theatres AGAAAAAIIIINNNN,True
Take me back in timeeeee,True
Andrew Garfield entry and future generations kids be like: why this people yelling at him,True
Will always remember this feeling,True
This movie came out almost 2 years ago wth,True
After almost 2 years i still got massive chills from this trailer,True
This movie made 2021,True
pls movei,True
This movie was so hype,True
............,True
"Ğ¥Ğ¾Ñ‡ Ğ¿Ñ€Ğ¾Ğ¹ÑˆĞ»Ğ¾ Ğ±Ğ°Ğ³Ğ°Ñ‚Ğ¾ Ñ‡Ğ°ÑÑƒ Ğ· Ğ¼Ğ¾Ğ¼ĞµĞ½Ñ‚Ñƒ ĞºĞ¾Ğ»Ğ¸ Ñ‚Ñ€ĞµĞ¹Ğ»ĞµÑ€ Ğ²Ğ¸Ğ¹ÑˆĞ¾Ğ², ĞºĞ¾Ğ»Ğ¸ Ğ²ÑÑ– Ğ¼Ğ¸ Ğ¹Ğ¾Ğ³Ğ¾ Ñ‡ĞµĞºĞ°Ğ»Ğ¸, Ğ°Ğ»Ğµ Ğ½Ğ°Ğ²Ñ–Ñ‚ÑŒ Ğ·Ğ°Ñ€Ğ°Ğ· Ğ¿Ñ–Ğ´ Ñ‡Ğ°Ñ Ğ¿ĞµÑ€ĞµĞ³Ğ»ÑĞ´Ñƒ Ğ¹Ğ´ÑƒÑ‚ÑŒ Ğ¼ÑƒÑ€Ğ°ÑˆĞºĞ¸ Ğ¿Ğ¾ Ñ‚Ñ–Ğ»Ñƒ",True
"Youre not Peter Parker , that masterpiece moment",True
almost 2 years is crazyğŸ™ğŸ˜­,True
ğŸ™ğŸ½ğŸ›ğŸ›Œâ­•ï¸ğŸ„â€â™€ï¸ğŸ’­ğŸ’§â³ğŸ«€ğŸ•¸ğŸƒâ€â™€ï¸ğŸª¶ğŸ“ˆğŸ•ğŸ…ğŸŒ™â™¾ğŸˆâ€â¬›âš–ï¸ğŸŒ‘ğŸ¤²ğŸ½ğŸğŸ¨ğŸŒâœ¨âŒ›ï¸â„ï¸ğŸŒˆğŸ’¯ğŸŒ§ğŸ›ğŸ™ğŸ½,True
Sony Pictures Home Entertainment Marvel Entertainment Walt Disney Studios Home Entertainment,True
"<a href=""https://www.youtube.com/watch?v=JfVOs4VSpmA&amp;t=119"">1:59</a>",True
I can&#39;t it&#39;ll be almost 2 years ğŸ˜«,True
TomğŸ&gt;&gt;&gt;&gt;&gt;&gt;&gt;&gt;&gt;&gt;&gt;&gt;&gt;&gt;Tobey ans Andrew,True
"This is not a movie, this is an emotion for usğŸ™‚",True
Dooone,True
"<a href=""https://www.youtube.com/watch?v=JfVOs4VSpmA&amp;t=56"">0:56</a>",True
wanna watch it again in the theater plsss.,True
When I watched this I cried seeing Tobey maguire my childhood spider man was back we need spider man 4 cos Tobey has still got it,True
Where&#39;s toby and garfieldğŸ’€ğŸ’€ğŸ’€ğŸ’€,True
yay,True
Take me back!!,True
"<a href=""https://www.youtube.com/watch?v=JfVOs4VSpmA&amp;t=110"">1:50</a>",True
Salman is Bruce Banner,True
Youâ€™re telling me that this one trailer got 80 MILLION views!! Dam spider man must be marvels fav,True
I-FUCCIN-CONINC ğŸ¥‡ğŸ†,True
Across the spider verse is out and this movie is still so amazingğŸ”¥,True
"Because of Brazil, we knew Tobey and Andrew were in this film",True
Bro the hype for this was crazy!<br>â€œIs Tobey and Andrew Garfield gonna be in no way home?â€<br>Good timesğŸ˜‚,True
LET ME PAY YOU! NOW!!,True
But where is Venom?,True
"&quot;Maybe she didn&#39;t die for nothing,  peter &quot; â¤ï¸â€ğŸ©¹",True
Trailer purposely doesnâ€™t show Andrew and tobey,True
i have goosebumps ğŸ˜¢ğŸ˜¢ğŸ˜¢ğŸ˜¢,True
Why am I here again?,True
Trailer &gt; Movie,True
"Literally, this trailer broke the internet",True
"WTH, I gotta watch this again!!!!",True
"<a href=""https://www.youtube.com/watch?v=JfVOs4VSpmA&amp;t=132"">2:12</a>",True
I wanna go back to opening night when I saw it just to relive how the theater screamed when Garfield jumped through that portal,True
Once in lifetime experience to watch this movie in theatre&#39;s that I missed I&#39;m never gonna forgive myself for that.,True
è¿™æ˜¯ç”µå½±éå¸¸æœ‰æ„ä¹‰çš„ä»·å€¼ï¼Œäººç”Ÿæœ‰äº›æ— æ³•é‡æ¥,True
Un aÃ±o de la pelÃ­cula que nos dio mÃ¡s manija que nunca,True
Canon event,True
Iâ€™m still hype when I see the trailerğŸ˜‚,True
"I still shed tears of emotion, watching this trailer",True
"Don&#39;t, it&#39;s a canon event",True
June 2023. I got Nostalgia dude,True
Idc what anyone ever says this movie was the biggest event in spiderman history,True
Canâ€™t believe itâ€™s almost 2 years ago just felt like yesterday I remember getting hyped for this movie,True
That was his canon event!,True
1 year but why this part is not on netflix?,True
bro was trying to stop a canon event,True
I just can&#39;t wait for the next oneğŸ‰ğŸ‰,True
Watchin it even after 2 years gives me goosebumpsğŸ™ƒ,True
"Anybody here after Spider-Man Across The Spider Verse? <a href=""https://www.youtube.com/watch?v=JfVOs4VSpmA&amp;t=161"">2:41</a>",True
Aphelia Ophelia,True
No one in the future will understand the hype around this movie,True
For those who don&#39;t know:- This movie was the outcome of 20 years of spider man  franchise.,True
"Esse dia foi foda, saudade do sentimentoss",True
"<a href=""https://www.youtube.com/watch?v=JfVOs4VSpmA&amp;t=137"">2:17</a>",True
This is how you do a trailer. Sublime,True
"Noted. Now, how about beginning.",True
The hype when this trailer dropped was immaculate,True
Memories ğŸ¥²,True
Re -release superhero movies in india,True
They shouldâ€™ve switch electro for vulture IMO,True
Hindi and Punjabi dubbing of this movie will be dubbing by Shubman Gill.<br><br>ï¿¼,True
Hi,True
Hi,True
"I am leaving this comment here so after a month or a year when someone likes it, i get reminded of this masterpiece â¤",True
This is the tag team we&#39;ve been yearning for. This movie was legit fire ğŸ”¥ğŸ’¯,True
I can not describe the hype I was feeling while watching this trailer in November 2021.,True
JÃ¡ vai fazer 2 anos e eu sinto a emoÃ§Ã£o desse trailer atÃ© hoje.<br>Simplesmente ABSURDO!,True
W0W!,True
Where Parker?,True
This is one of the fanticst movie ever,True
"<a href=""https://www.youtube.com/watch?v=JfVOs4VSpmA&amp;t=141"">2:21</a> â¤â¤â¤â¤â¤â¤",True
ğŸ’œ,True
"Finale&#39;, 20 years, 8 Film&#39;s and ( May 3, 2002 - April 12, 2022 ), Tomorrow is my Anniversary with 1 year to Wednesday, April 12, 2023.",True
Next movie of Spiderman<br>&#39;Spider man don&#39;t have  bathroom&#39; ğŸ˜‚,True
Favourite movie of all timeâ¤,True
1000/10 y godğŸ˜,True
It&#39;s been a year but still this trailer gives goosebumps ğŸ¥ºğŸ”¥,True
"after seeing the trailer for across the spider-verse, it seems Miles is going through a similar situation that revolves around changing fate",True
Earth :199999,True
Can&#39;t wait,True
Back here after see into spiderverse trailer bcs miguel o&#39;hara ğŸ¤£,True
"They fked up in this movie, i thought they went back to the way things were at the end so how come may still died i thought theyd bring her back.",True
Cant wait for spiderman 4,True
2021,True
"<a href=""https://www.youtube.com/watch?v=JfVOs4VSpmA&amp;t=7"">0:07</a>",True
Where is Spider Gwen and Miles Morales?,True
I played fortnite<br>chapter 3 season 1 Spiderman mythics,True
QQWWEWDERWWERWEERSSDFSDDFWSEWWERWWERWWERRTSRTDFFTERTWWRTDERTEFTTSRTWERTWEERRWEERTDERRTTTDDRRTTSSERWEERWWEERTWERRTYERRTDRTGYEEFFDDFSSDFFGDFGDSDDSSDFFDFGSDSSSSDDFFFSSDFRTDDRWWERTRTYERTTEERTRTTYRT,True
Boruto:,True
The memories bro ğŸ˜¢,True
I&#39;ve still got the depression we need time back on the screen!!!!,True
"Watching a year later, and still get chills",True
"I still want to watch this movie, even though I already watched.",True
multiple decades to build this once in a lifetime HYPE!!!,True
QWWEERTYWERRTTYYUWERRTYHUUUWERRTYYWERRTTYYWERTGHHYJSDFFGHWEERTHWWEERRTTYYWWERRTTYUUUWWERTYYUQEERRTTYYUUWERTTYUUUUUUEEERRTTTHHHSEFRRTYYYERRRTTTYYYUUIWERTTYJJKKEERTYUUQEERTYUIOQWFTYUIPWWETYUIIPPWERTYUWERTYYUIOWERTYII8IWRRTYUUIWERTYUO WWEERRT5YYUDRTTYYUUUDFFGHHJJFGGHHJWERT5IIODFTGTYHUDRGGYRRRTTTYUUURRTTYUUURTTYERERTTUUIERRTTTYYUKKDFRGGYYHERRTHHHJJJKKRRTTYUUUJKKKKYH,True
WEDRRTWWERTTTYUUIWWRRTYUIWEERTYIWDDFGHHJJADFGGGHHJJKKDDFTTYUDEERGTTHJJEERRTTYSDFFGGHJWETTYUUIWERRTYJDERRTYEERTHHHJKORRTYYYUIIERRTYYRRFGGHEERTTYYUERTTYYJFGGHETTERRYYYKKLERRFGERGGHHWERTTUJFTGHJUDGHHJFGYHWERTTYUDRTTYFTTTYYUUERTYUIOTYUUUI,True
The masterpiece,True
History,True
"<a href=""https://www.youtube.com/watch?v=JfVOs4VSpmA&amp;t=162"">2:42</a> Your asshole after one sip of coffee",True
"Coming back to this banger, this is cinema",True
&quot;Peter...&quot;,True
"<a href=""https://www.youtube.com/watch?v=JfVOs4VSpmA&amp;t=136"">2:16</a> all the villains",True
Stg,True
Our children will not comprehend the impact of this movieâ€¦THIS WAS CINEMA,True
"<a href=""https://www.youtube.com/watch?v=JfVOs4VSpmA&amp;t=99"">1:39</a>",True
Wait it&#39;s 2023 already?,True
"To this day 2023 Feb 17 , <br>This was the last hyped Marvel Trailer and The Last Movie that actually delivered the hype it had and what the audience wanted",True
"This movie had sooooo much potential, till they only had three spider men for only 30 mins",True
Who&#39;s here before Ant man and the wasp:Quantumania?<br>ğŸ‘‡,True
Idak tau ad t m,True
â€œI canâ€™t save everyoneâ€ hits home everytime ğŸ˜¢,True
Anybody today,True
This came out in 17th of December 2021 God damn I feel like it came out a month ago and it&#39;s 2023 now,True
Overated,True
This wasn&#39;t just a movie.... it was an experience!,True
Sam rami director dism,True
I know the all parts of experience spider man.,True
W,True
Can anyone just the linked movies of it,True
SCOOBI DOO THIS CR@p,True
G.O.A.T,True
utter fkn drivel. bottom of the barrel,True
Spiderman no way home 2021,True
"<a href=""https://www.youtube.com/watch?v=JfVOs4VSpmA&amp;t=120"">2:00</a>",True
How I wish I could go back in time and witness this hype again,True
Just realised a week to him was like 5 years for us,True
The SpiderMan outfit looks like it was bought from the dollar store fs ! ğŸ¤£ğŸ¤£ğŸ¤£,True
Well Can I get Multiversal Movie of this Level?<br>I know DC is not badass Studio like marvel. I should not expect anything for me.,True
"<a href=""https://www.youtube.com/watch?v=JfVOs4VSpmA&amp;t=91"">1:31</a>",True
lllllllllllllllllllllllllllllllllllllllllllllllllllllllllllllllllllllllllllllllllllllloooooooooooooooooooooooooooooooooollllllllllllllllllllllllllllllllllllllllllllllllllllllllllllll,True
Wait a min<br>Didn&#39;t he died?,True
the hype was out of this world,True
hi,True
They were laughing ğŸ¥² like he said &quot;Dr. Tutto Tottapius&quot;,True
1st rule abour marvel,True
Not forget to subscribe,True
1 year later this trailer still gives me goosebumps,True
The Hello Peter was something else â¤,True
Recuerdos de cuando espere ancioso a la pelÃ­cula y me la spoilearon ğŸ˜”,True
"<a href=""https://www.youtube.com/watch?v=JfVOs4VSpmA&amp;t=119"">1:59</a> Tobey Maguire Spider-Man",True
This movie is already nostalgia after a year ago,True
TAKE ME BAAAAACK!,True
Its been one year since this dream movie has been released,True
"and that&#39;s it, we&#39;re out of ideas",True
november 2021/december 2021 was peak fr,True
Feels like yesterday,True
Garbage,True
Cant believe this movie came out a year ago,True
"It&#39;s been a year,",True
<b>Hello Peter</b> it&#39;s been a year,True
1 year later in theter,True
It&#39;s been a year. What a movie!!,True
"<a href=""https://www.youtube.com/watch?v=JfVOs4VSpmA&amp;t=35"">0:35</a>",True
It&#39;s been 1 year still know the hype of the movie,True
It&#39;s been 1 year,True
One year of history â¤ï¸ğŸ›,True
One Year Since Masterpiece of Spiderman ğŸ’¥,True
Same Hype after an yearğŸ”¥ğŸ’¥,True
Been 1 year...damnnn,True
It&#39;s been 1ï¸âƒ£ year since the movie released. G.O.A.T movie of SpidermanğŸ•¸ï¸ğŸ”¥â¤ï¸,True
One year of this masterpiece ğŸ’«,True
"<a href=""https://www.youtube.com/watch?v=JfVOs4VSpmA&amp;t=88"">1:28</a>",True
the future will never understand the hype for movies like no way home and endgame,True
It&#39;s still a biggest goosebumps this trailer,True
Canâ€™t believe my dream was happened,True
"Everone saying they saw a glimce of electro and sandman<br><br><a href=""https://www.youtube.com/watch?v=JfVOs4VSpmA&amp;t=136"">2:16</a> be like:",True
Damn how has it been a year since this came out,True
this movie was all of december 2021 vibes,True
<b>Best. Christmas. Movie</b>,True
Now I got it sam raimi made spiderman 1 2 and 3 because he wanted us to see this  masterpiece,True
Revelation 1:7â¤â¤â¤,True
The future generations aren&#39;t gonna understand how hype this movie was,True
"Looking back on when this trailer came out, I felt the same nostalgia I felt with Tobey&#39;s movies",True
"I donâ€™t want to be that fan, but ofc like always, we were robbed hella In this movie.",True
"<a href=""https://www.youtube.com/watch?v=JfVOs4VSpmA&amp;t=119"">1:59</a>",True
3 spider mans,True
It&#39;s been one year since the movie released and it&#39;s still a banger,True
OMG,True
cannot believe it&#39;s already been a year,True
I still get goosebumps while watching this trailer !,True
Time flies by so fast......one year......ğŸ¥²,True
Itâ€™s been a year,True
I miss when we were all waiting for the trailer to drop ğŸ¥¹,True
Itâ€™s been a year daddyâ€¦,True
This is realy a lifetime experience ğŸ’¯,True
i wonder if tobey and andrew are gonna be in this movie,True
"film ini jadi film pertama gw nonton sama cewe yang gw suka di kelas, dan itu pertama kalinya juga gw nonton bioskop sama cewek dan dia jadi orang pertama ga bakal nyangka sih. 2021 bener bener tahun yang ga bisa dilupain momennya with si doi<br><br>- palembang 2022",True
"After all the leaks, all the hype, all the everythingâ€¦ this was a solid 8/10",True
it&#39;s been a year and this trailer STILL gets me hyped man,True
Spoiler alert ğŸš¨ aunt May dies,True
Imagine the Spider man villains ran into the MCU powerhouses such as Scarlet witch or Thor when they arrived ğŸ’€ â˜ ï¸,True
People who don&#39;t care about marvel match this movie,True
1 year has passed since the trailer was released and I went offline still this movie is in My headğŸ‘ğŸ»ğŸ”¥,True
1 year since the biggest movie of all time released it&#39;s official trailer.,True
1 year ago,True
w,True
Bestest movie ever created.,True
Damn I still miss these days! It was such a vibe daaaaaaamn,True
"damn, it&#39;s been a year",True
I still canâ€™t believe that this masterpiece came out a year ago it felt like yesterday,True
ONE YEAR DAMN,True
I&#39;m after 1 year,True
1 year already?!,True
Cant believe this happened a year ago yesterday,True
This was released 1 year agoğŸ˜²,True
1 Year Ago ğŸ˜®,True
How time fliesğŸ˜“,True
One year agoğŸ’œ,True
excatly a year agoâ¤ï¸â€ğŸ©¹,True
Can&#39;t believe it&#39;s been a year now remember waiting with my friends for the trailer to drop,True
"1 year ago today, doesnâ€™t seem like it tho",True
Taday Mark&#39;s One Year Of This Masterpiece&#39;s Trailer Release..,True
Itâ€™s been one year already ğŸ¥¹ğŸ¥¹,True
"I Still remember the day  1 year ago waiting for this trailer badly,everyone was spaming on this channel that we want no way home trailer and when the trailer came It crossed 600k views in 2 minutes and I took the screenshot of it.<br>The hype for this movie was something a lifetime experienceğŸ™‚",True
One year of this masterpiece ğŸ”¥ğŸ”¥ğŸ”¥,True
a year agoğŸ•·ï¸ğŸ•¸ï¸,True
1 year ago todayğŸ¤,True
A year ago ğŸ˜­,True
A year ago todayğŸ¥¹,True
A year ago,True
It&#39;s been a year,True
1 Year 51 Minutes,True
ya un aÃ±o de esto aun recuerdo que estaba emocionadoâ¤ï¸,True
"1 year ago, this trailer was released, canâ€™t believe this.",True
Today one year ago,True
can&#39;t believe it&#39;s been a year,True
Hace un aÃ±o....,True
"Its already been a year, damn.",True
1 year ago dam,True
I can&#39;t believe it&#39;s already been a year ğŸ¥²,True
1 ano que eu explodia de tanta felicidade cara ğŸ˜­ğŸ’–,True
Can&#39;t believe 1 year has passed since this trailer dropped ğŸ˜³,True
Can&#39;t believe it&#39;s been a year already ğŸ’€,True
Canâ€™t believe itâ€™s been <b>ONE YEAR</b> since this trailer. I still remember the hype..,True
One year ago.,True
Whoâ€™s here for 1 year,True
"I thought venom would be in this movie, and i thought goblin would actually turn into a goblin monsterğŸ˜‚",True
It has been one year since the release of this godly trailer,True
No way this was a year ago..,True
I miss the hype..ğŸ˜¢â€¦. Anyone else?â€¦ ğŸ˜”,True
Again here ğŸ¥ºâ¤ï¸,True
I can&#39;t believe it&#39;s been a year now ğŸ¥ºğŸ’”âœ¨...,True
Omg andrew could never-,True
No way itâ€™s been ab a year,True
No one can beat marvel Studios ğŸ¥±âœ‹,True
"Here 11 months later, this trailer makes me realize that this movie would of been so hype even without tobey and andrew",True
Miss the hype for this movie ğŸ˜­ğŸ˜­,True
I feel blessed that I went to watch this in cinemaâ¤ï¸,True
What is the background music name?,True
"Joder, ya casi un aÃ±o",True
nostalgia hitting my head,True
No way,True
ğŸ’¯,True
"Still to this day, this trailer gives me chills",True
A year ago whoa,True
ğŸ’–ğŸ’–ğŸ’–ğŸ’–ğŸ’–ğŸ’–ğŸ’–ğŸ‘ğŸ‡®ğŸ‡³,True
"<a href=""https://www.youtube.com/watch?v=JfVOs4VSpmA&amp;t=117"">1:57</a>",True
"(<a href=""https://www.youtube.com/watch?v=JfVOs4VSpmA&amp;t=123"">2:03</a>)",True
I remember when I was waiting for this trailer and watched it about 100 times when it dropped. I was at work ğŸ˜¶,True
I wanna go back in time!,True
&quot;OH MY GOD ITS ALFRED MOLINA-&quot;,True
Thank you Ant-Man!,True
I just wish we could go back in time to see the hype,True
spider man,True
damn it&#39;s almost a year,True
ĞÑÑ‚Ğ°Ğ²Ğ»Ñ ĞºĞ¾Ğ¼ĞµĞ½Ñ‚ Ğ½Ğ° Ğ¿Ğ°Ğ¼ÑÑ‚ÑŒ,True
"<a href=""https://www.youtube.com/watch?v=JfVOs4VSpmA&amp;t=123"">2:03</a> Tap to Get the Goosebumps",True
Why J Johna jameson (the daily bugle reporter) doesn&#39;t went back to his universe..he is still present in this universe. How&#39;s this possible? Anyone knows??,True
This trailer in October 2022 ğŸ˜­ğŸ˜­ğŸ˜­,True
eso tilin,True
Pls re release this again b4 the release of spiderman across the spiderverse in Sri lanka!<br>Pls consider!!!<br>Coz there wasn&#39;t a big re release (extended funstuff version)missed this movie twiceğŸ˜­ğŸ˜­ğŸ˜­,True
My friend Kylie loves Tom Holland,True
Is Venom in this trailer?,True
"<a href=""https://www.youtube.com/watch?v=JfVOs4VSpmA&amp;t=76"">1:16</a> RIP CNN ğŸ¥€",True
I have watched spiderman no way home,True
Iâ€™ve watched this movie 6 times and the trailer like about a billion yet it never absolutely never gets old,True
Ä°zlediÄŸim en iyi ilk 3 filmlere girer,True
Cant wait for this movie,True
Why am I here,True
Why are Tobey and andrew garfield not in the trailer,True
Next movies:<br>Spider-Man Home Alone<br>Spider-Man Homeward Bound<br>Spider-Man Daylight Come And He Wanna Go Home,True
I keep coming back to watch this trailer ğŸ˜‚,True
We want hulk no way home<br>What we got:,True
Hola negros,True
I don&#39;t kno Hy they&#39;de involve romance in heroes movies . They ruined it,True
I think only deadpool 3 has chances to beat this movie.<br>&quot;With Ryan Reynold and Hugh Jackman&quot;,True
I still felt goosebumps whenever I recall the day i was going to watch NWH,True
Ola,True
My favourite MCU movie ğŸ˜,True
The emotions this movie gave meğŸ˜­,True
I tried to know nothing about this film before I saw it.  Thankfully I didn&#39;t and what a surprise!!!!,True
Anyone watching this in 2022...ğŸ™‚ can&#39;t believe that nwh era overed.,True
Spiderman is the bestâœ¨,True
"Watching this trailer one year after the release , still get me goosebumps",True
How like the spider man do like in this comment,True
We want malayalam dubbeğŸ¥²,True
IM WATCHING THIS TODAY,True
I teared when I Tobey showed up in the movie.,True
77.693.505views,True
â„¢warner boooolka,True
Can they make a trailer with all 3 peters now??????,True
This movie is still in my local theater after 10 months,True
3 heroes of Spider-Man is coming. And there are 5 Villains is coming too.,True
Who here after seeing spiderman no way home again in theater....,True
Garbage movie.,True
God Loves You Allâ¤ï¸âœï¸âœï¸â¤ï¸,True
Abt a year ago I was so hyped to see nwh. Now Iâ€™m hyped to see the extended version,True
They forgot Andrew and tobey,True
I like how the trailers didnâ€™t reveal Tobey Maguire and Andrew Garfield Spider-Man  to keep the suspense,True
Man the day I went to see it was a day I will never ever forget,True
Why are Canadian theatres opening this movie again yet itâ€™s oldğŸ¤”,True
Why is this back in theaters again?,True
I am thinking about going to see the extended version in a theatre today for $3,True
Who&#39;s Waiting for Sep 02 ! Indian Fans! Spider Man No Way home: Extended!,True
ğŸ‘Œ,True
I want the Monkees,True
Y is this not on Netflix yet???!!,True
Is Back Spiderverse,True
Damn the amount of Respect you could actually feel for TOBEY from Dr.Oct one liner â€œYoure not Peter Parker!â€,True
"<a href=""https://www.youtube.com/watch?v=JfVOs4VSpmA&amp;t=37"">0:37</a>",True
Sean,True
I like the movie,True
Can this movie come to Bangladesh,True
Watching after the movie is farrrrr from out and this still gives me shivers,True
Miss those timesğŸ¥º,True
This movie was truly a masterpiece and I cannot wait to see what SONY does with Spider-Man in the future.,True
I want the Monkees,True
It is very emotional ğŸ˜­ğŸ˜­,True
"On Sep 2 , Its coming backğŸ”¥",True
Ø§Ù‡Ø® ÙÙ„Ù…ÙŠ Ø§Ù„Ù…ÙØ¶Ù„ ÙˆØ´Ø®ØµÙŠØªÙŠ Ø§Ù„Ù…ÙØ¶Ù„Ù‡ ÙˆÙ…Ù…Ù…Ø«Ù„ÙŠ Ø§Ù„Ù…ÙØ¶Ù„ Ù…Ø§ÙÙŠ Ø¹Ù…Ù„ ÙŠØªØ¹Ø¯Ø§ Ù‡Ø§Ù„ÙÙ„Ù… Ø¨Ù‚Ù„Ø¨ÙŠ,True
I like how they edited out the part with Lizard getting punched by air,True
This movie is a once in a lifetime experience ğŸ˜­,True
I Watch This Because of Toby Maguire,True
Will they come ?,True
<i>I </i><b><i>jizzed</i></b><i> in theaters.</i>,True
This movie is definition of Nostalgia ğŸ’¯ğŸ’¯ğŸ’¯,True
Didnâ€™t this video had 78M views?<br>How the f did get lower???,True
A fuckery thisğŸ’¯,True
Who writes this junk..so when did Spiderman go to college and start carrying a cell phone this is for Dorks,True
This movie was an era of marvel that was a once in a life time experience.,True
The hand that was gonna catch MJ gave it all away,True
I think in the next Spiderman we get introduced to Miles Morales,True
"<a href=""https://www.youtube.com/watch?v=JfVOs4VSpmA&amp;t=155"">2:35</a>",True
Spider-Man 2 release it,True
"<a href=""https://www.youtube.com/watch?v=JfVOs4VSpmA&amp;t=88"">1:28</a>",True
If there&#39;s going to be another spider man remake in the future  they should make it into a tv show. This the third remake,True
1,True
â¤ï¸â¤ï¸,True
â¤ï¸â¤ï¸,True
Uu â¤ï¸â¤ï¸â¤ï¸,True
â¤ï¸â¤ï¸,True
â¤ï¸â¤ï¸,True
The hype for this movie was on Infinity War level,True
no subtitles so i have no idea what&#39;s going on,True
Still goosebumps ğŸ”¥ğŸ”¥ğŸ”¥ğŸ”¥,True
Spiderman 4 is coming with tobey maguire,True
"If everyone comes from multiverse who knows Peter Parker is Spiderman than, why not mj, Eddy Brock,Gwen,harry,Gwen father???",True
Tobey Tobey Tobey ğŸ–¤âœ¨ğŸ”¥infact every one in theaters are shouting in his entry âš¡,True
Watched it at 8 in the morning after I woke up when it was released ğŸ”¥... still getting chills...what a time it was â¤ï¸,True
Im now in 2022 i watched it,True
"the day this trailer came out, everyone went nuts.",True
2022 anyone?,True
King,True
Spider-Man always been my hero ğŸ¥²ğŸ”¥,True
Inpossble,True
How,True
"Finally watched this &quot;film&quot;.<br>Wow. What a ... &quot;thing&quot; this is, that was made.",True
What a load of cr@p ğŸ˜‚,True
QuiÃ©n lo ve despuÃ©s de que se anunciÃ³ la versiÃ³n extendida...,True
Es increÃ­ble como he visto la pelÃ­cula miles de veces y el trÃ¡iler me sigue dando escalofrÃ­os,True
For you Nickelodeon fans:<br>Chase (PAW Patrol: The Movie) - Tom<br>Ryder or Skye (PAW Patrol: The Movie) - MJ<br>Liberty (PAW Patrol: The Movie) - Ned<br>Splinter (TMNT)<br><br><br><br><br><br><br><br>Aang (AVATAR: The Last Airbender) - Andrew<br>SpongeBob SquarePants - Tobey,True
"<a href=""UCkszU2WH9gy1mb0dV-11UJg/dv90XtfhAurw8gTgzar4DA""></a><a href=""UCkszU2WH9gy1mb0dV-11UJg/dv90XtfhAurw8gTgzar4DA""></a><a href=""UCkszU2WH9gy1mb0dV-11UJg/dv90XtfhAurw8gTgzar4DA""></a><a href=""UCkszU2WH9gy1mb0dV-11UJg/dv90XtfhAurw8gTgzar4DA""></a>",True
"<a href=""https://www.youtube.com/watch?v=JfVOs4VSpmA&amp;t=140"">2:20</a> la mejor Parte",True
What a days !,True
"<a href=""https://www.youtube.com/watch?v=JfVOs4VSpmA&amp;t=85"">1:25</a>",True
Even after watching the movie this trailer is amazzzziiinnng,True
That&#39;s all ur fault peter,True
i watched that in netflix,True
<b>SINISTER SIX</b>,True
One word to describe this film &quot;MASTERPIECE&quot;ğŸ˜­,True
spiderman is like Abraham Lincoln,True
&quot;Scooby-do this crap&quot;<br>I am going to cringe my spine out of my body,True
So Jamseon is always attacking Spiderman yet he&#39;s not saying shiat against Thor or the others.<br>Guess its easier to pick on Spidy than a God.,True
No like my comment ğŸ˜­ğŸ˜­ğŸ˜­ğŸ˜­,True
Who&#39;s here after watching the movie over and over again,True
No way dogğŸ¤®ğŸ¤¢ğŸ¤ª,True
This isn&#39;t just a movie. It&#39;s CINEMA.,True
this spiderman version is the dumbest,True
"Doctor: I am giving you a time machine that can be used 2 times 1 go to go to the time you want to go to, and 1 go to get back to this time.<br>Me: I&#39;m going to December 1st<br>Doctor: Why?<br>Me: Spiderman no way home and ChristmasğŸ™‚",True
meh,True
Tobey and Andrew was not in no way home trailer,True
ğŸ¤©ğŸ¤©ğŸ¤©ğŸ¤©,True
JUNGKOO NETFLIX ANDRÃ‰ UNGKOO k BTSMIX,True
Ask anyone a decade ago that something like this would happen. Theyâ€™d think youâ€™re nuts!,True
Hdhfhf,True
I want the Monkees,True
Chomo,True
I want the Monkees,True
Coming here almost eight months after the trailer dropped. Still get chills watching it. I wish we could relive the hype.,True
"<a href=""https://www.youtube.com/watch?v=JfVOs4VSpmA&amp;t=37"">0:37</a>/<a href=""https://www.youtube.com/watch?v=JfVOs4VSpmA&amp;t=56"">0:56</a>/<a href=""https://www.youtube.com/watch?v=JfVOs4VSpmA&amp;t=62"">1:02</a>/<a href=""https://www.youtube.com/watch?v=JfVOs4VSpmA&amp;t=129"">2:09</a>+<a href=""https://www.youtube.com/watch?v=JfVOs4VSpmA&amp;t=131"">2:11</a>/<a href=""https://www.youtube.com/watch?v=JfVOs4VSpmA&amp;t=151"">2:31</a>",True
This ending is so sadğŸ˜­ğŸ˜­,True
People asks why we won&#39;t get lots of cheers in Marvel movies nowadays after no way home.... <br>I say them this....<br><br><br>Marvel don&#39;t give what people want...<br>People wanted all Spiderman in the multiverse ... Sony gave them..,True
On hacker heat a danger,True
"<a href=""https://www.youtube.com/watch?v=JfVOs4VSpmA&amp;t=120"">2:00</a>",True
"<a href=""https://www.youtube.com/watch?v=JfVOs4VSpmA&amp;t=118"">1:58</a>",True
"I cried butterfly tears 10,395 times.",True
When nwh was abt to release i watched this trailer litr like 1000 times not even joking,True
after the I saw the movie all i could think is about the next one,True
"<a href=""https://www.youtube.com/watch?v=JfVOs4VSpmA&amp;t=162"">2:42</a>",True
"You know what, I&#39;m still hyped for this movie ğŸ˜",True
"<a href=""https://www.youtube.com/watch?v=JfVOs4VSpmA&amp;t=154"">02:34</a> the BGM music from here still gives me goosebumps!",True
WowğŸ’–,True
Ñ Ğ¾Ğ±Ğ¾Ğ¶Ğ½ÑÑ Ñ†Ñ Ñ‡Ğ°ÑÑ‚Ğ¸Ğ½Ñƒ Ğ»ÑĞ´Ğ¸Ğ½Ğ¸ Ğ¿Ğ°Ğ²ÑƒĞºĞ°,True
I remember this when I was going home from school and I saw this trailer and my mind was blown when I saw this trailer,True
I cied wnen ant may died ğŸ˜­ğŸ˜­ğŸ˜­ğŸ˜­ğŸ˜­ğŸ˜­ğŸ˜­,True
ZENDAYA!!!!!!!!!!,True
3.34,True
Some may forget but not us,True
I still watch this trailer ğŸ”¥ğŸ”¥,True
But max didn&#39;t know that spider man is peter parker,True
SPIDDER NO WAY HOME,True
Next movie name it back yard of my house,True
I already miss the No Way Home hype in the theaters,True
Just imagine: This Movie almost didnâ€˜t happen.,True
Will there be next spider man movie tooo .And will mj remember Peter,True
6/10,True
Legend see June 2022 ğŸ‘,True
"from <a href=""https://www.youtube.com/watch?v=JfVOs4VSpmA&amp;t=6"">0:06</a> it looks like peter is from GTA",True
ğŸ‡ºğŸ‡¦ğŸ‡ªğŸ‡ªğŸ‡ªğŸ‡ªğŸ‡ªğŸ‡ªğŸ‡ªğŸ‡ªğŸ‡ªğŸ‡ªğŸ‡ªğŸ‡ªğŸ‡ªğŸ‡ªğŸ‡ªğŸ‡ªğŸ‡ªğŸ‡ªğŸ‡ªğŸ‡ªğŸ‡ªğŸ‡ªğŸ‡ªğŸ‡ªğŸ‡ªğŸ‡ª,True
"I&#39;ve seen the movie like a 100 times, but it still gives goosebumps while watching this trailer. I&#39;m saying this in 11/6/2022",True
I have seen this 50 times,True
Nostalgia hits hardğŸ˜£,True
Rasel ail Khan Bangladesh ğŸ¥ğŸ¿,True
JUNGKOO kkk de uma vez a ANDRE UNGKOO k BTSMIX ANDRE UNGKOO k BTSMIX ANDRÃ‰ JUNGKOO NETFLIX ANDRE,True
"<a href=""https://www.youtube.com/watch?v=JfVOs4VSpmA&amp;t=3"">0:03</a>",True
Multivers festival begins.,True
This movie felt like it was written by Twitter.,True
100000000000000000000000000000,True
"<a href=""https://www.youtube.com/watch?v=JfVOs4VSpmA&amp;t=88"">1:28</a>",True
I hope there is part 2 on this.,True
"<a href=""https://www.youtube.com/watch?v=JfVOs4VSpmA&amp;t=104"">1:44</a>",True
"At <a href=""https://www.youtube.com/watch?v=JfVOs4VSpmA&amp;t=142"">2:22</a> there were three spiderman in the movie but there is only one in the trailer ğŸ¥ğŸ¦",True
â€¦,True
Buset. 75 juta views. Parah.,True
Donâ€™t ask who is here in 2022 2023 2027 2177 we ALLLL COMING TO SEE THIS. !! Tik we collapsed,True
With no home comes no responsibilities.,True
WHAT A NICEEEEEEEE MOVIEğŸ˜­ğŸ˜­ğŸ˜­ğŸ˜­,True
God tier movie,True
There is  no stanlee to see this<br>Don&#39;t copy this comment,True
"bro, imposer",True
I cant wait to see shaggy and the gang in Spider-Man Scooby doo ate our way home,True
JUNGKOO kkk de uma vez a ANDRÃ‰ JUNGKOO NETFLIX ANDRE UNGKOO k,True
This video is 6 months nowğŸ¥²,True
Spider-Man/Sonic the Hedgehog: No Way Home,True
1: Ben 10: No Way Home<br>2: Godzilla vs Kong: No Way Home<br>3: My Hero Academia: No Way Home<br>4: Sonic the Hedgehog: No Way Home,True
JUNGKOO NETFLIX ANDRÃ‰ UNGKOO k BTSMIX ANDRE UNGKOO k BTSMIX ANDRÃ‰ JUNGKOO NETFLIX ANDRE,True
"(esto parece SPAM, pero es necesario dejar claro esto a quien le llegue) si la pedofilia es la perdida del instinto partenal en hombres hacia mujeres menores de edad e incluso niÃ±as, y en mujeres es la perdida del instinto materno cuando su atraccion esta fijada en niÃ±os pequeÃ±os, es ilegal, inmoral, incorrecto, y aunque duele que sea valido en casos extremos de malestar (porque no hay otra opcion visible), es mejor no alimentar eso. Desde esta misma analogia, la persona que fue zoofilico, es practicamente la perdida de la aptitud y capacidad reproductoria de ese humano o humana, y ambas cosas estan mal, Mejoren sus conductas, aprendan de la ciencia, el daÃ±o es irreversible, pero puede reconstruirse solo si aprende a gestionarse bien como persona, sera funcional, esto va tanto para personas que han sido victimas como para victimarios (los cuales deberian ser creativos y buscar una solucion ingeniosa que no implique lastimar a otr@)",True
Next levelğŸ”¥ğŸ”¥ğŸ”¥,True
anyone over the age of 5 who unironically enjoys these &quot;films&quot; should be sterilised,True
Wow!!!!!!!!Â¡!!!!!!!!!!!!!!!!!Â¡!!!!!!!!!!!!!!!!ğŸ‘ğŸ‘ğŸ‘,True
"update I just seen this now, and probably the movie seen Thor Ragnorok ...",True
D,True
Spider man lost home,True
I watch this movie and then I watch trailerğŸ˜…,True
pou le gana,True
M-M-M-M-MID!,True
I hope tobey maguire is in this movie,True
Infinity War and No Way Home are masterpieces,True
bwuh craziest moment of my life,True
Can I please uplode spider man no way home on YouTube,True
Spider Man: Be back home before 10,True
Imagine if they showed Tobey and Andrew landing there and they all leaped to attack them. Everyone watching this trailer would&#39;ve had a heart attack,True
"<a href=""https://www.youtube.com/watch?v=JfVOs4VSpmA&amp;t=128"">2:08</a>",True
"H E L L O   P E T E R<br><a href=""https://www.youtube.com/watch?v=JfVOs4VSpmA&amp;t=51"">0:51</a><br><br>When he said that it remind me of the <br><br>SURPRISE MOTHERFVCKER",True
Tu eres Peter porker ğŸ¥µ,True
Around the planet,True
5 months later and this trailer still gets me hyped up!,True
Why tobey and andrew are not here?,True
Spiderman one of my favourite movie charactersğŸ’â¤ï¸,True
"<a href=""https://www.youtube.com/watch?v=JfVOs4VSpmA&amp;t=136"">2:16</a>",True
STREAM BUTYOU MV any iKON,True
This movie was mid,True
Anyone back here after Multiverse of Madness?,True
Please someone ask MCU to getting out spiderman by the neck from Marvel Cinematic Universe. He is just a headache for everyone. ğŸ˜¡ğŸ˜¡,True
